Actual,Predicted
-61.34,-42.294
8.94,2.2239999999999998
-1.47,1.814
-4.731,-21.0304
11.0,7.380000000000001
0.49,-14.682000000000002
6.78,3.3340000000000005
-64.7,-39.266
6.93,-0.6000000000000002
-16.1,-6.2940000000000005
-1.97,1.858
-17.5,-27.327999999999996
-74.98,-26.809999999999995
-2.97,-4.8985
-5.3,-9.318000000000001
4.19,-8.462499999999999
5.46,0.986
-4.99,-9.288
-1.43,1.402
-13.62,-2.268
-28.16,-37.084
-3.77,-4.2780000000000005
-11.535,-5.5280000000000005
-4.12,-1.7559999999999996
0.0,-4.0120000000000005
-1.67,-4.552
8.0725,-0.45400000000000007
-20.45,-21.683999999999997
3.32,-3.492
-0.18,-3.982
-3.06,-3.7439999999999998
-57.29,-15.501999999999999
-11.48,-28.354000000000006
-8.71,-4.492
3.63,0.6339999999999997
-0.48,-10.438
-27.58,-19.596000000000004
-15.27,-10.228
-7.28,3.2019999999999995
-1.89,2.086
10.19,-3.31
-1.75,-2.472
-3.04,0.5780000000000001
10.94,7.640000000000001
4.86,2.988
-19.21,-26.433999999999997
-38.72,-13.966399999999998
-0.96,-2.106
3.67,-1.5600000000000003
-0.26,-4.9399999999999995
-35.44,-16.747999999999998
-1.68,-0.15200000000000008
-1.55,-5.223999999999999
-24.94,-25.458
-10.84,-8.261999999999999
-7.39,-0.3840000000000002
-15.25,-5.254
-2.18,5.058
10.58,1.4320000000000002
-5.35,-2.304
-13.15,-10.308000000000002
-33.91,-10.568000000000001
-0.81,0.3580000000000001
-0.25,4.4844
3.12,2.2009
-4.86,-1.8219999999999998
4.24,4.7715
-18.72,-21.28
-1.63,1.8219999999999998
0.71,-5.418000000000001
3.43,-4.576
6.11,0.5940000000000005
-16.36,-23.602
-3.38,-6.4879999999999995
-9.11,-38.622
-1.43,-2.982
-1.79,1.4259999999999997
-2.39,-7.9860000000000015
-28.59,-21.13
8.27,2.0650000000000004
-40.27,-44.510000000000005
5.53,4.338
-15.83,-2.462
-39.23,-34.04600000000001
-3.3,-26.369999999999997
6.13,-13.325999999999999
-7.73,-19.802000000000003
5.47,-7.606
-25.37,-6.808999999999999
-3.304,-2.6484666666666667
-15.44,-23.137999999999998
-33.52,-26.340000000000003
-30.84,-16.144
-1.35,0.34000000000000014
-3.11,-9.07
3.46,-6.7
10.53,-2.534
0.32,-6.343999999999999
-2.55,-1.174
-7.4,-7.851999999999999
-0.22,-20.078
-7.21,-3.504
5.18,3.654
-80.89,-44.664
5.73,3.2119999999999997
-2.6,-0.011999999999999922
8.92,-1.7259999999999998
-2.06,-1.232
-64.69,-41.873999999999995
-13.61,-9.66
-8.5,-2.71
-3.2325,2.2795
-5.56,-4.7675
-1.33,-5.942
-11.84,-19.362000000000002
-7.17,-0.38800000000000007
-2.9,-19.717999999999996
12.34,-20.782
-10.11,-4.134
10.68,-2.9539999999999997
-43.56,-17.314
3.24,-0.8300000000000004
-0.24,1.2379999999999995
-29.02,-41.984
-1.21,0.29600000000000015
1.41,-2.3520000000000003
-11.24,-8.018
-5.24,-1.064
1.41,7.609999999999999
-0.4,-4.118
-2.32,3.1339999999999995
-34.89,-19.932
-0.75,-3.2039999999999997
-1.83,1.1640000000000001
5.14,3.8620000000000005
-6.51,-8.25
-51.14,-45.75
-4.52,-2.0825
-51.0,-14.456
-8.03,-12.758
1.72,-1.2100000000000002
-27.567500000000003,-20.773999999999997
26.13,9.958
-3.56,-0.49000000000000005
-0.82,0.25199999999999995
-39.01,-23.032
2.63,-0.77
1.49,-0.6199999999999999
5.9275,1.7625
16.08,1.738
3.03,-0.6239999999999999
12.168,3.2704999999999997
-6.67,-1.006
-7.12,-4.002
1.96,-3.5140000000000007
-4.41,-2.372
5.81,-7.438
2.11,-3.8559999999999994
-15.74,-4.052
-36.76,-59.767999999999994
-1.27,-10.526
0.74,1.3439999999999999
-12.67,-17.598000000000003
-9.56,-3.9839999999999995
2.29,7.696
-23.02,-13.193999999999999
-2.77,0.9919999999999998
-8.57,0.03799999999999999
3.71,5.662000000000001
66.3825,7.045999999999999
3.4,0.724
-77.11,-32.730000000000004
-5.4025,7.4475
-35.09,-15.966
-31.57,-7.7299999999999995
-17.12,-2.188
1.18,4.998
0.07,-6.136
-11.585,-14.872
1.15,-8.946000000000002
-13.9475,-6.3985
-1.84,-44.394
-4.26,-17.197
6.61,4.3085
2.917,0.5687999999999999
-66.79,-43.922000000000004
-12.91,-15.532
0.96,-7.389999999999999
6.5,1.8359999999999999
-5.53,-7.606
10.93,2.002
-22.6775,-15.430000000000001
-2.04,0.08800000000000001
3.83,2.49
-9.93,-8.171999999999999
-5.34,-0.47799999999999987
-7.31,-1.8079999999999998
-22.74,-5.702
-2.235,-58.95399999999999
-6.33,-6.847999999999999
-25.39,6.052
5.56,-2.192
-5.44,-7.176
-6.62,1.5340000000000003
0.77,-1.4780000000000002
-3.4,-15.51
-69.8,-50.338
-116.62,-98.452
-67.98,-11.502
-67.77,-39.49
-2.33,-7.499999999999998
-19.23,-12.88
-7.22,-4.8500000000000005
-5.46,-1.124
-3.69,-5.398000000000001
-1.22,-6.372
-27.26,-23.119999999999997
8.36,2.4859999999999998
-4.22,-1.584
-9.62,-1.3439999999999999
-72.24,-31.136000000000003
-1.73,0.9000000000000001
7.38,1.7080000000000002
-24.79,-30.26
-0.2,-4.531999999999999
-2.77,-2.4679999999999995
1.05,-12.810000000000002
17.8,3.1339999999999995
-52.42,-52.894000000000005
-13.97,-10.572
-30.8975,-51.6495
0.83,1.1275
1.51,4.739999999999999
-2.68,-0.46399999999999997
4.17,1.0600000000000003
5.300000000000001,-1.9805
9.36,3.8
11.9,-5.084
3.84,1.0280000000000002
-16.78,-6.042000000000001
6.09,-1.364
-3.96,4.308000000000001
-6.56,-5.598000000000001
0.78,-7.859999999999999
-5.58,-9.486
1.85,0.5800000000000001
15.57,0.003999999999999826
-24.66,-25.2442
-7.475,-4.075
-25.39,7.541500000000001
-1.32,-7.045999999999999
-30.35,-5.758
-21.8,-18.936
-2.17,-5.1
-0.93,-17.574
-2.36,2.7112
-11.86,0.924
-5.37,-0.6519999999999999
4.44,-0.49599999999999966
-30.1675,-32.443
-3.76,2.164
-4.24,-3.5119999999999996
0.37,-5.6675
-1.61,-3.6019999999999994
0.28,0.406
-1.78,-2.692
-0.41,-1.734
-1.42,-4.65
-63.4,-39.69
-7.17,-3.1599999999999997
1.08,-11.0228
-9.01,-2.304
-2.54,-4.851999999999999
-50.53,-5.826
2.675,1.7914999999999999
-9.33,-23.498
0.1,-3.7479999999999998
6.36,-3.908
-5.99,5.226000000000001
0.43,5.061999999999999
-2.27,-7.828
-62.04,-21.378000000000004
-1.13,-1.7799999999999998
6.06,-3.1559999999999997
-20.43,-11.202
-1.33,0.11000000000000014
0.97,-1.536
5.87,-0.46399999999999986
-3.39,-0.4499999999999999
-13.22,-7.0876
2.89,-9.038
-1.7,-11.006
2.0,-8.574
-5.21,-3.158
-4.46,-4.24
-6.06,-4.234
-5.37,-0.758
-8.99,1.5520000000000003
3.36,-3.6719999999999997
-4.08,-3.318
1.41,-12.319999999999999
-3.47,-9.920000000000002
-6.47,-6.05
-0.67,1.4619999999999997
-3.45,-6.074
-18.96,-2.4619999999999997
-15.69,-22.026000000000003
-4.99,-1.5659999999999998
-4.96,-2.7760000000000002
-26.53,-26.064
-20.437,-27.00956
-20.91,-5.572
2.77,-1.7339999999999995
-7.59,-5.390000000000001
-13.28,-13.626
-3.83,-7.556
-11.91,-20.704
5.3925,0.5385
4.5,2.816
7.08,0.03799999999999999
-19.0,-16.407999999999998
5.63,-0.526
-23.73,-14.940000000000001
0.82,-5.626
-17.76,-20.158
-2.94,-4.498
11.78,0.007500000000000284
-13.92,-17.348
-3.81,-15.183999999999997
-12.85,-3.154000000000001
-6.52,-0.5659999999999998
-9.42,3.224000000000001
-31.48,-31.484
-19.6,-7.051599999999999
4.53,5.316000000000001
-2.9725,-23.904500000000002
-5.3,1.2959999999999998
-28.37,-13.151
-30.175,-26.410999999999994
2.5,-4.8340000000000005
-25.86,-0.6619999999999997
-6.154,-9.58
-1.33,2.882
-9.72,-7.2559999999999985
-2.45,-4.912
-9.79,-0.18399999999999964
-1.79,0.2979999999999999
6.04,-3.6659999999999995
8.0,1.716
4.17,-0.618
-8.54,-15.845999999999998
-5.41,-3.088
-11.7,-4.694000000000001
1.39,-1.7599999999999998
-23.85,-2.7239999999999993
0.75,-5.518000000000001
8.64,-14.788000000000002
-3.9,-8.908
-5.77,2.432
-30.44,-29.462
-71.5,-52.465999999999994
-3.44,-1.8399999999999999
-3.18,-1.916
-4.58,-8.644
4.62,-1.0
-0.51,-3.2340000000000004
-8.75,10.816
1.46,0.008000000000000184
3.87,-5.764
13.55,-1.138
-3.79,-3.428
-0.84,-6.651999999999999
-23.1,-2.2359999999999998
-0.55,-13.834
7.24,1.04
1.39,0.6370000000000001
-1.63,-0.10999999999999983
11.57,-33.166
-5.32,-25.472
-76.12,-55.69199999999999
-8.7,-9.14
-10.19,-3.12
4.63,-0.5005
1.24,1.204
-12.68,-47.098
-6.82,-7.203999999999999
5.48,-4.356000000000001
-49.91,-21.939999999999998
-22.76,-1.8823999999999994
-3.68,-5.68
-2.75,-3.9539999999999997
-1.44,-7.552
5.73,-4.702
-15.49,1.324
2.09,-0.8219999999999998
-6.81,-4.7
-4.26,-4.746
3.67,-2.384
5.84,3.4160000000000013
-1.17,-6.36
6.41,-4.6819999999999995
-0.76,1.916
-1.65,-3.026
-3.16,-22.43
-6.29,-7.354000000000001
-4.99,-5.0120000000000005
-1.16,-0.23200000000000004
-49.99,-28.227999999999998
-76.19,-39.552
-5.67,-1.8399999999999999
-2.5,-0.6695000000000001
-9.65,-13.780000000000001
-15.78,-10.636
-0.33,-5.172
-7.19,-5.825999999999999
-17.7,-32.538
-7.39,1.238
-78.36,-68.74
1.2,-0.6639999999999999
-4.2,-6.530000000000001
0.14,-3.082
5.07,2.5439999999999996
-18.3,-10.936
-7.44,-8.572
1.6225,-3.6629999999999994
1.34,-2.2960000000000003
-11.28,-5.706
-2.26,-0.43599999999999994
3.39,3.4479999999999995
-5.17,-5.964
-12.4125,-3.0340000000000003
-1.3055,-6.9056000000000015
9.82,-1.434
-8.44,-4.178
-6.09,2.402
-4.96,-4.198
-24.67,-34.432
0.0,-5.198
1.51,-6.156000000000001
-6.87,-19.964000000000002
-10.08,-11.812000000000001
3.68,4.4479999999999995
-10.72,-18.227999999999998
0.5349999999999999,2.4259999999999993
-0.63,-3.242
-38.98,-34.178
31.92,-16.7625
-3.78,-6.5040000000000004
-51.11,-12.526000000000002
5.32,4.056
-2.64,-4.787999999999999
-25.68,-56.588
-26.13,-25.949599999999997
0.55,-4.359999999999999
2.53,1.1519999999999997
-1.14,-6.504099999999999
0.27,-7.232000000000001
-3.88,-4.442000000000001
2.23,-3.4939999999999998
-6.92,-15.225999999999999
-4.19,-9.834
-9.97,-0.828
-3.03,0.17600000000000007
-16.07,1.252
1.23,1.1359999999999992
-4.33,-11.824000000000002
-9.63,-19.954
-5.82,-6.552
1.92,1.1470000000000002
-5.06,-15.982
2.83,-1.6039999999999999
-18.47,-0.6800000000000004
-2.24,-1.7400000000000002
-3.93,0.2840000000000001
-3.51,-5.308
4.84,-0.992
-0.08,-2.152
12.66,-5.372
0.94,-2.566
-45.39,-23.345999999999997
1.73,3.978
-8.84,3.0260000000000002
-23.296,-23.3
-5.42,-20.087999999999997
-71.76,-51.766000000000005
-7.66,-0.312
-66.7,-43.142
-0.08,-8.613999999999999
-3.79,-5.262
6.03,-2.7800000000000002
-3.24,-5.382
-1.98,-3.594
-17.34,-20.422
-2.64,-9.862
0.0775,-6.166
-13.85,-16.678
-15.19,-6.840000000000001
-4.59,-6.414
0.5,1.19
-16.94,-29.125999999999998
-7.45,6.467999999999999
0.51,1.0080000000000002
-2.0,-6.952000000000001
-30.2,-11.685999999999998
6.37,-6.052
2.93,-11.338
-18.45,-17.03
5.422499999999999,-3.8854999999999995
-4.092,-2.3355999999999995
-2.9,-5.7379999999999995
5.46,-2.078
-5.17,-8.948
9.75,1.7759999999999998
-23.89,-31.458
-33.63,-34.400000000000006
19.94,9.432
-0.09,-4.92
-11.25,-13.084
-22.76,-19.368000000000002
-16.27,-18.497999999999998
-29.286,-24.029
-16.47,-10.146
-61.64,-39.653999999999996
-30.392,-27.554000000000002
-5.79,0.6439999999999998
4.02,0.2520000000000001
-10.99,-10.36
-1.62,0.7560000000000001
-74.3,-44.21999999999999
2.97,3.1920000000000006
8.58,4.7295
-5.2,-8.379999999999999
10.77,7.038000000000001
-1.68,-1.186
-28.45,-8.894
-7.39,-5.403999999999999
-0.78,2.854
0.68,-8.030600000000002
-3.09,3.5660000000000003
-10.14,-6.606
-3.13,-18.014000000000003
15.65,5.034
1.6,-11.758000000000001
8.01,1.308
-4.04,-2.0479999999999996
-57.07,-21.101999999999997
-4.09,-8.834
-1.73,14.540000000000001
-0.67,0.6180000000000007
-49.66,-25.9
3.64,-10.926
-18.93,-3.386
-1.24,-2.4219999999999997
-23.77,-6.396
2.38,2.836
-34.3,2.408
-5.17,-10.644
2.45,-2.614
-8.21,-6.562
-9.71,-3.928000000000001
-9.53,-16.216
-21.87,-8.150000000000002
-2.85,-1.0980000000000003
-50.94,-31.674
-5.06,0.4762000000000005
2.2175,-0.7835000000000001
-73.55,-25.35
2.88,-8.732
-3.62,-1.7920000000000003
1.24,0.8774999999999995
-15.15,-23.657999999999998
-38.43,-6.712000000000001
-3.63,-3.946
-3.335,-0.7003499999999996
-28.8,-14.754
-1.22,-0.45599999999999996
14.73,9.8528
-21.66,-34.608
-8.16,-7.916000000000001
-18.17,-21.2
-1.27,-0.6560000000000002
-29.46,-45.64200000000001
-27.96,-11.25
-16.59,-8.065999999999999
-6.34,-7.06
-32.78,-23.744
0.99,0.024000000000000066
-6.47,-7.188
1.08,-9.992
-11.03,-8.172
-1.52,-0.009999999999999787
-33.17,-26.734
-2.48,-4.56
1.35,-4.3100000000000005
0.35,-3.136
-6.63,-10.928
-1.4,-0.4459999999999999
-3.33,-2.9629999999999996
4.7575,-9.8185
1.69,-3.34
-11.02,-5.614
-0.43,-1.0299999999999998
-1.18,-4.072
-7.21,-18.580000000000002
-5.15,-2.902
-4.77,-2.464
-59.04,-64.362
0.6074999999999999,4.7940000000000005
-7.67,-4.404
-2.36,-1.0505
-2.27,-0.5680000000000001
1.25,-11.336
0.35,-0.776
0.16,-2.6660000000000004
-0.75,-1.258
-1.38,-3.118
-6.29,-8.256
1.91,3.678
-2.96,-0.21800000000000014
-2.43,-0.24400000000000005
-8.15,-1.038
-7.58,-32.215999999999994
3.53,-2.832
2.11,8.338
-7.35,-12.578
-2.25,-2.164
-4.19,7.6579999999999995
0.71,-43.7
-27.04,-25.148
-68.49,-45.536
-28.83,-18.169999999999998
-34.36,-21.9762
-10.18,-1.3820000000000001
-5.93,-13.624
2.35,2.0160000000000005
-9.68,-13.998
6.81,-0.40599999999999997
8.23,-14.542000000000002
-5.09,-4.700000000000001
1.46,-3.412
-4.16,-7.818
0.46,-4.255999999999999
-61.95,-12.598
-6.58,-8.224
-14.93,-21.938
3.63,-4.476000000000001
-5.41,-5.0200000000000005
0.68,-3.442
-3.73,-1.282
-8.87,-6.590000000000001
-3.05,-0.5579999999999998
-2.27,-17.254
-5.4575,-0.24799999999999925
1.06,4.39
-16.97,-47.41
-1.62,0.3780000000000001
-1.9,-2.844
1.47,-1.9859999999999995
-2.5825,1.7754999999999999
5.57,4.005999999999999
-3.2875,-28.432
-6.38,0.866
-0.19,-1.08
0.5,2.318
-47.02,-15.134
-5.02,-4.256
-2.42,2.158
-4.65,-0.644
3.45,0.3139999999999997
-5.1,-12.72
2.8,5.216
-4.7,-9.906
1.43,0.4959999999999999
2.8,2.112
-5.6,-0.021999999999999954
-35.88,-37.476
-2.35,-0.9780000000000001
-13.9,-3.95
1.29,-3.2239999999999993
-1.05,-4.11
-2.04,-2.048
-69.84,-32.041999999999994
-8.47,-3.9339999999999997
-7.7,3.588
-8.21,-14.363999999999999
9.91,2.3844000000000003
-17.84,-15.040000000000001
-0.91,-2.936
-10.18,-11.771999999999998
17.79,6.766
-2.07,0.4639999999999997
-1.58,-4.973999999999999
-15.0425,-0.7430000000000001
-0.52,-1.718
-24.97,-11.424
4.53,-4.394
-5.29,-10.702
-2.92,3.1569999999999996
-26.19,-3.732
-2.72,-1.7559999999999996
3.806,3.8619999999999997
-24.81,-23.5948
5.87,-1.3160000000000003
0.69,-4.206
6.04,-25.77
-0.14,-0.758
-9.3,-6.212
-0.48,-1.374
-0.06,-13.301999999999998
-48.98,-45.016000000000005
4.3,-0.9279999999999999
-9.58,-30.482000000000006
-5.55,-6.405999999999999
-0.25,-1.234
-6.87,-6.1819999999999995
0.14,-9.574
-7.91,-1.9380000000000002
-23.27,-6.304
-58.04,0.704
-6.95,-1.7380000000000002
-5.84,-3.9520000000000004
-2.1,-16.242
1.52,0.5920000000000002
-21.43,-7.4
-9.36,-14.095999999999998
1.96,0.11399999999999996
-5.92,-5.914
-0.25,-2.0740000000000003
-35.64,-41.282
-14.23,1.106
-2.95,-8.958
-4.37,-3.286
-7.622,-7.595400000000001
3.79,1.4340000000000002
-52.2,-20.778
-10.23,-7.150499999999999
0.37,0.7540000000000001
-2.92,-3.8819999999999992
-11.34,-15.130500000000001
-1.53,0.9899999999999999
0.0,1.8900000000000001
-2.96,-2.098
-15.68,-16.326
-8.04,-19.624
0.13,-14.910000000000002
-1.57,-0.9030000000000001
1.58,-3.378
2.72,-0.8419999999999999
14.84,-3.8
-0.34,-8.752
-19.15,-43.056
0.42,1.3679999999999999
6.34,1.6420000000000001
-4.31,-5.516000000000001
-8.13,-3.55
-0.09,-11.782
0.02,-12.884
1.29,-10.732000000000001
1.2,-11.156
4.61,-9.408000000000001
-6.01,-3.8579999999999997
-0.24,-5.8340000000000005
-14.8,-15.608
1.55,-3.097999999999999
0.18,3.122
-2.17,-7.95
-0.0835000000000001,1.8863999999999996
-0.26,-3.748
0.38,0.019999999999999574
-14.63,-17.376
-2.7,-3.65
-23.15,-3.7980000000000005
-6.69,-1.888
-7.6,-1.1700000000000002
4.33,4.470000000000001
-9.07,-8.552000000000001
-11.26,-9.995999999999999
-4.3,-0.72
-3.9,0.45600000000000007
-15.234,0.20573333333333338
-16.66,-3.8879999999999995
8.53,7.286
-26.097,-20.295800000000003
-9.25,-0.834
-3.5,-8.597999999999999
-16.4925,-26.451
-8.63,-3.9159999999999995
-6.55,-13.751999999999999
-25.25,-22.238
-7.39,-11.917999999999997
11.81,8.325999999999999
-27.01,-16.72
0.8,-9.67
0.52,-19.791999999999994
-2.55,-5.928
2.93,-8.27
-1.09,-0.6760000000000002
-3.36,-6.264000000000001
-5.59,-2.8180000000000005
-71.06,-53.965999999999994
-3.6,-20.759999999999998
-10.9705,0.40180000000000005
-12.21,-31.826
-4.33,-4.42
-79.29,-34.644
1.7,3.6667999999999994
-12.77,-7.086
2.49,2.896
-2.81,-6.994
-3.27,-11.018
-90.38,-39.934799999999996
-4.98,2.7560000000000002
-0.26,-0.866
-9.12,-4.774
-2.76,-4.454
0.195,4.9295
-1.52,-5.409999999999999
-26.018,-29.455599999999997
-3.19,1.3479999999999996
-1.74,-20.727999999999998
-5.84,-2.4959999999999996
-2.228,2.1018
-1.75,-7.306
-8.65,-7.332000000000001
-65.63,-23.468
1.08,-14.248000000000001
4.21,-6.327999999999999
-14.31,-5.839999999999999
-14.0,-10.741800000000001
-47.34,-48.124
0.22,-5.032
-0.81,2.8099999999999996
-2.31,2.464
-2.19,-2.41
-31.82,-30.7902
0.51,-7.2
-4.31,-3.8939999999999997
2.44,-1.0539999999999998
-28.835,-19.664299999999997
4.22,-4.3660000000000005
-4.05,-1.9840000000000004
-83.16,-63.116
-8.06,-5.0
-33.445,-33.45
1.34,-4.566
5.43,0.836
-1.64,-0.348
-2.692,-6.2764
1.23,-8.860000000000001
-4.39,-2.418
0.86,-2.3920000000000003
7.78,3.412
-28.83,-19.664299999999997
1.03,0.8280000000000001
-20.85,-12.687000000000001
-16.41,-6.412000000000001
-9.26,-0.12400000000000029
-10.32,-8.232
-1.12,-1.198
1.94,-4.264
-2.14,-4.101999999999999
-2.01,-10.972
2.45,2.4879999999999995
12.8,-13.202099999999998
-23.08,-29.994
3.77,8.378
-13.95,-11.866
-0.48,-2.0980000000000003
-32.52,-24.832000000000004
-2.36,1.9899999999999998
-0.86,-1.59
-16.55,-29.201999999999998
8.76,-2.722000000000001
-4.49,-14.309999999999999
9.28,7.302
12.5,7.575999999999999
-0.01,16.632
3.5625,-1.0545
-15.28,-41.815599999999996
-29.7625,-13.4115
-12.14,-6.642
-10.26,-4.999999999999999
-48.67,-30.224
-65.82,-24.691999999999997
-15.03,-5.5200000000000005
0.51,1.068
-2.14,-9.895999999999999
-28.17,-21.68
-50.48,-6.678
-2.42,-13.709999999999999
-0.72,2.1860000000000004
-9.72,-6.792
-3.88,-2.774
5.42,6.042
6.08,5.122
3.19,-2.3080000000000003
-46.87,-0.7340000000000003
-20.23,1.6139999999999997
-7.77,-2.024
2.33,-1.028
-1.2,0.6279999999999999
-12.43,-10.25
-6.92,-3.4300000000000006
-20.9,-11.315999999999999
1.9,-0.7739999999999999
5.78,2.786
-28.77,-55.354
-3.12,-1.182
8.04,4.188000000000001
-2.15,1.5899999999999999
-7.27,-6.16
-7.63,-17.97
-0.87,-4.02
-12.96,-8.482
-14.79,-23.564
1.59,-3.692
-21.55,-14.267999999999997
-1.765,-0.8999999999999998
6.81,11.581999999999999
-16.11,-6.730000000000001
-5.65,-1.39
0.46,-2.2840000000000003
4.43,-34.982
5.35,0.366
3.91,-2.282
-1.31,-0.4079999999999999
-14.17,-16.270000000000003
-6.56,-1.512
-6.58,-8.624
-4.09,-7.9590000000000005
-13.83,-14.336000000000002
-27.78,-2.2760000000000002
-0.37,-9.36
-4.32,0.2859999999999999
1.09,-1.236
0.31,-13.904000000000002
0.32,-0.1880000000000002
-3.17,-0.5379999999999998
3.8,-10.919999999999998
-3.86,0.06799999999999981
-4.11,-2.526
-3.83,2.168
1.9,4.752
-0.08,-1.7260000000000002
3.08,2.788
-12.05,-13.264
-3.31,0.41800000000000015
-5.74,-0.9739999999999999
-0.36,-2.2700000000000005
-3.29,-8.3
-12.72,-0.158
-5.8025,-15.6885
8.84,-5.31
-65.52,-60.94
-5.99,-1.404
-7.15,-8.148
1.83,-3.918
3.75,-0.49800000000000005
-9.31,1.1360000000000001
3.51,0.08999999999999986
-1.77,-20.768
7.029999999999999,4.032500000000001
-1.56,0.788
1.5,-3.972
-0.43,-23.503999999999998
-6.28,-19.524
-3.03,-2.467999999999999
-41.26,-27.498
-43.93,-27.990499999999997
-7.33,-1.4760000000000002
-5.54,-5.295999999999999
-24.83,-70.576
1.29,-5.938
1.37,-3.2120000000000006
-0.13,-1.434
-28.49,-43.096
-0.86,-3.000000000000001
-3.52,-3.0580000000000007
-30.15,-32.9176
-1.68,-2.8419999999999996
-0.5,0.258
4.52,14.764
4.73,9.206
0.06,5.282
2.53,-52.39200000000001
-11.8,-16.824
-2.32,-15.848000000000003
1.96,-3.9799999999999995
-45.95,-58.3
-3.97,-2.754
0.5525,3.0833
-5.07,-1.4860000000000002
-10.12,-6.618
-3.27,-12.422
-57.82,-54.238
-10.39,-12.488
-17.13,-1.2899999999999991
-2.58,-0.5700000000000001
-4.4,-14.36
-2.29,-4.176
-5.66,-6.3100000000000005
-6.49,-7.884
9.92,-18.906
2.22,1.174
-1.37,1.524
-8.13,-10.498
-16.77,-17.646
-2.1050000000000004,-4.075000000000001
-21.24,-38.486000000000004
-2.78,-7.204000000000001
-1.72,-3.0160000000000005
-1.6725,-6.923
0.06,-16.497999999999998
3.9,1.746
7.75,2.8340000000000005
7.59,2.3779999999999997
-3.22,-6.226
-2.44,-2.6099999999999994
-17.5,-10.492
-6.54,-14.038
-34.03,-27.766
1.0,-6.709999999999999
41.1,22.067
-8.86,-17.262
3.34,-0.43000000000000005
-53.14,-57.58
0.46,6.0200000000000005
-1.35,-1.186
1.07,-8.652
3.67,-0.36000000000000015
1.73,1.424
-2.34,-20.450000000000003
1.04,3.614
-2.23,-4.856
-3.84,-0.982
-2.51,-6.268000000000001
4.72,0.3439999999999998
1.62,4.954
-6.25,-3.45
1.07,-0.6139999999999999
1.5225,5.1225
0.43,-11.41
-20.47,7.002
-50.41,-13.216
4.96,-9.732000000000001
-1.89,-5.172
0.0449999999999999,-9.951
-13.81,-8.8625
-28.62,-24.775
-2.29,-2.47
2.1,0.8299999999999998
-1.29,-13.813999999999998
-4.75,-32.998000000000005
7.7,7.162000000000001
-4.86,-3.1
-17.46,-38.258
-2.57,-4.71
-1.09,0.31199999999999994
3.1,-25.956
-3.21,-3.5
-35.92,-33.6626
-33.98,-32.04
-1.2,-2.464
-23.72,-8.209999999999999
-11.65,-5.144
-2.01,-1.3199999999999998
-18.34,-18.137999999999998
-5.58,0.8239999999999993
-18.42,5.418
0.55,-6.984
4.62,-1.368
5.7700000000000005,8.879000000000001
-4.1,-3.7350000000000003
2.49,-5.15
-22.57,6.242
-13.0,-19.791999999999998
-19.0,-18.468
4.64,-2.1239999999999997
-0.94,-4.908
3.07,-6.424000000000001
-8.13,-3.364
-4.21,-0.932
-26.28,-30.96
-11.46,-1.136
-21.47,-10.929999999999998
-12.52,-1.1580000000000001
-3.54,0.029999999999999895
-9.66,-16.996000000000002
-10.75,-3.904000000000001
1.3,1.9900000000000002
2.51,-2.284
1.72,-8.116
-5.39,-5.378
1.7,0.30200000000000005
-42.32,-34.2895
-13.23,-15.851999999999999
-1.56,1.6079999999999999
-9.357,-8.587100000000001
-5.56,-3.053
-0.7,-7.784000000000001
-23.31,-12.493999999999998
4.4,-0.06799999999999944
-1.25,-6.558
-34.8,-5.692
-2.51,4.6
-39.33,-32.517999999999994
-3.45,2.9379999999999997
1.99,0.8039999999999999
0.984,0.37959999999999994
-19.602,-7.051599999999999
-2.64,-4.24
8.12,2.622
-68.63,-61.556
-1.97,-5.46
-3.35,-2.128
-5.72,-0.5440000000000002
-22.53,-24.812
-45.53,-6.506
8.56,-10.28
-2.06,-10.514
-10.22,-2.2500000000000004
-0.4399999999999999,-13.613
2.8075,0.4842999999999999
6.0,-0.4240000000000001
-1.53,0.7019999999999998
0.83,0.71
0.3266666666666666,0.7723000000000001
-28.38,-9.072
-2.14,-1.877
-60.55,-43.726
-7.24,-22.109999999999996
-4.4,-10.286
-11.88,-28.131999999999998
0.28,-0.42400000000000004
-11.92,-8.282
2.0,0.382
-4.38,-1.552
-3.3,-4.162000000000001
-0.76,-5.83
-3.52,-1.8139999999999996
-1.96,-3.3580000000000005
-19.18,-2.8865
-8.39,-5.882
-43.09,-43.09
6.83,3.774
-2.03,-14.074000000000002
-1.36,2.02
-49.85,-54.048
2.49,-6.268
-4.782500000000001,-24.5055
-32.18,-0.614
-3.08,-3.2119999999999997
-10.61,-2.052
2.83,4.332
-16.36,-19.454
-4.21,1.54
-23.66,-10.922
-1.21,-0.17400000000000007
-7.33,-3.4979999999999998
-1.91,-6.574000000000001
-14.12,-2.8360000000000003
-1.35,1.966
0.65,-0.188
-1.43,-17.162
-14.54,-7.873
3.71,-0.5279999999999999
-3.39,-1.8340000000000003
-3.15,-17.576
-0.86,-9.232
-1.298,-20.024
-0.53,-1.3960000000000004
-10.52,-10.508
-37.395,-7.214499999999999
-61.24,-49.702
-66.09,-26.887999999999998
0.71,-0.624
-1.78,-5.0
-2.56,-0.8220000000000003
-4.4,-3.718
-2.79,-4.369999999999999
-61.385,-31.093799999999998
-11.48,-13.556000000000001
2.235,-3.59
3.67,-1.9040000000000004
-3.63,-8.024000000000001
-10.91,-14.091999999999999
-7.71,-3.2600000000000002
0.615,8.379
-1.49,-9.044
-20.31,-4.41
-6.89,-2.6559999999999997
-45.42,-34.9135
-1.64,1.862
-11.67,-5.658000000000001
-4.27,-16.827999999999996
6.38,7.752
-15.77,-6.342
-7.36,-4.401999999999999
6.95,-2.1900000000000004
-51.37,-50.51200000000001
-19.32,-6.634
-2.08,-3.9
-10.07,-1.146
-18.6,-2.618
-4.79,-10.193999999999999
-27.48,0.029999999999999895
1.79,-2.864
-44.19,-62.138
1.7,-22.406
1.52,0.19799999999999995
-4.52,-6.226000000000001
0.47,-3.9909999999999997
-12.47,-0.924
4.24,2.276
3.41,5.566
-0.01,-6.108
7.47,1.326
-6.65,-1.34
-4.98,0.27799999999999997
-2.06,-6.27
-0.6925,-0.056500000000000036
1.89,2.3919999999999995
-14.68,-28.106
-21.12,-11.996
-13.36,-10.55
-64.07,-48.339999999999996
5.02,-1.0799999999999998
-0.43,-4.71
-35.52,-33.71
4.68,-26.4
2.04,4.8740000000000006
-0.41,2.408
-7.93,-1.7099999999999997
-10.59,-2.7660000000000005
-0.15,3.7760000000000007
-9.13,-8.82
-37.73,-46.33
-17.02,-30.576
-0.96,-5.992
4.12,5.208
-86.81,-11.358
1.86,4.617999999999999
-7.18,-10.196
2.65,3.178
-5.5,-5.0084
-35.97,-33.846
3.47,-10.51
0.37,-5.731999999999999
6.19,2.444
-1.05,-20.284
3.68,-8.719
-17.96,-5.07
-24.43,-6.952
-12.94,-26.080000000000002
-4.71,3.5460000000000003
3.83,-22.718
-4.37,-12.526
-0.76,-2.0919999999999996
-6.39,-6.65
-5.47,-17.41
-1.73,-2.028
-14.33,-31.022000000000002
-13.93,5.843999999999999
-2.02,-1.0579999999999998
-8.66,-50.56
-14.48,0.9800000000000001
-6.93,-1.9
0.21,-2.8040000000000003
-50.08,-45.508
5.11,-0.43200000000000005
-10.94,-5.632000000000001
-26.62,-2.7199999999999998
9.89,4.232000000000001
0.43,-3.3760000000000003
-0.48,-2.1119999999999997
2.72,-0.31999999999999995
-13.5,-9.229999999999999
-1.68,0.922
-1.93,-2.512
-34.35,0.9400000000000006
-21.01,-4.574
-70.29,-18.740000000000002
1.25,0.8719999999999999
-70.78,-24.427999999999997
-0.22,1.3119999999999998
4.92,2.09
-1.4475,2.3549999999999995
7.69,3.7299999999999995
3.82,3.1160000000000005
2.86,-6.262
0.29,2.294
-2.23,-9.172
1.81,0.41600000000000004
-52.18,-15.304000000000002
2.99,-9.696
0.25,-1.722
-68.76,-72.778
6.05,7.806
-8.43,-4.54
-9.17,-29.940000000000005
-2.79,-22.887999999999998
-0.12,2.9479999999999995
-16.83,-30.606
-42.46,-7.814000000000002
-4.24,-6.692000000000002
-0.2289999999999999,-0.05180000000000016
-4.26,-3.857
-74.7,-32.68
-7.79,1.2939999999999998
-3.17,-7.604000000000001
-1.07,-13.052000000000001
2.38,-14.244
9.59,-0.89
-8.14,0.05600000000000005
-6.78,-9.906
0.61,1.7079999999999997
-10.11,-10.43
-5.35,-2.5700000000000003
-0.71,-31.182
2.8675,3.6980000000000004
-3.06,-4.368
3.8,4.378
-1.83,0.6060000000000001
11.41,10.092
-12.81,-12.678
-2.58,-3.4019999999999997
-2.19,-2.536
-30.32,-15.669999999999998
-1.51,-5.112
-18.54,1.0220000000000002
0.38,4.348000000000001
8.55,0.8180000000000002
-0.3925,1.8564999999999998
-5.04,-7.876
-1.16,-1.6340000000000003
-11.46,-38.774
-3.27,0.9280000000000002
-23.09,1.056
-7.98,-2.6719999999999997
0.4400000000000004,-8.250800000000002
-3.52,-2.5380000000000003
-1.14,-15.8958
-3.43,-0.03599999999999994
-0.68,-0.18600000000000005
0.22,-2.962
-41.55,-31.195999999999998
5.73,1.754
-31.47,-54.525999999999996
-6.86,-24.478
-5.92,-7.686
2.88,-7.312
-68.55,-65.618
5.99,-39.242000000000004
0.28,-0.4249999999999998
-10.63,-3.718
3.46,-5.064
-4.13,-2.3659999999999997
-10.19,3.104
-6.96,-2.156
9.31,-5.495500000000002
-0.09,-3.772
-6.983499999999999,2.2705000000000006
-0.13,-3.5440000000000005
0.5349999999999999,-0.3580000000000001
1.31,-0.43200000000000005
-15.38,2.0200000000000005
-8.19,-5.7299999999999995
1.0,-0.6220000000000001
6.41,5.1610000000000005
0.96,3.868
-0.37,2.848
-0.87,-1.6700000000000004
-6.66,-28.214
1.5,-11.008
-59.67,-37.912
7.08,4.668000000000001
-4.98,-28.996000000000002
5.32,-2.7340000000000004
1.78,-7.672
-25.67,-14.601999999999999
1.37,-6.907999999999999
-1.33,-5.516
-4.01,-2.9579999999999997
-0.53,-8.23
-5.18,-11.935999999999998
11.45,-2.568
-68.91,-44.760000000000005
-14.11,-0.358
-2.81,-7.57
-6.94,-2.6439999999999997
-2.32,-5.369999999999999
-6.862,-19.372799999999998
-11.26,-1.8579999999999999
-11.65,-36.186
1.0,-4.7700000000000005
-10.27,-6.562
5.24,-1.5640000000000003
-12.44,-15.087999999999997
0.18,-7.776000000000001
1.25,-4.096
1.0,-5.6339999999999995
-1.26,-2.344
-2.96,-2.972
4.4,-3.498
-6.06,-5.68
1.14,0.7959999999999998
-4.99,-8.784
-5.24,-6.872
-10.57,-17.625999999999998
-11.09,-10.585999999999999
-1.06,-1.036
4.77,-20.308
-16.59,-12.424000000000001
-22.13,1.416
-22.45,-17.952
-4.44,-2.436
-17.9,-8.592
-16.483,-21.787999999999997
6.232,-11.076699999999999
-13.31,-14.084
-8.8,-1.934
1.18,-4.7525
4.1,-2.3305
-4.04,-3.3400000000000007
0.2,-2.742
-1.2975,1.568
-19.37,-4.652
-2.465,-4.5165
-2.63,-3.1159999999999997
-0.05,-2.1319999999999997
-0.7,-7.256
-5.24,-3.5799999999999996
-41.58,-4.67
7.79,6.087999999999999
-12.15,-13.148000000000001
5.59,2.928
-66.89,-16.259999999999998
-34.2,-45.79600000000001
-30.05,-31.1504
-1.34,-0.41800000000000004
-16.56,-5.806
10.98,3.402
-15.64,-12.06
-31.22,-4.018
-3.15,-1.8180000000000003
-75.13,-46.25
-17.43,-4.656000000000001
2.72,3.2314999999999996
-23.53,-7.638
2.77,-4.522
-21.51,-17.75
0.42,1.8820000000000001
-11.02,-7.388
-0.54,-4.474
2.09,-3.1500000000000004
-0.96,-4.33
-39.2,-3.8300000000000005
-58.61,-43.076
4.4,0.3660000000000002
2.5,-3.886
-0.87,-5.058
-30.52,-28.85
-3.12,-5.1739999999999995
-5.1,-1.9119999999999997
-47.68,-38.908
-2.73,-20.114
-0.37,-1.3279999999999998
0.79,1.278
-1.71,-16.716
-13.62,-12.32
-1.38,-13.728
7.78,5.636
6.29,5.162
-17.65,-4.154
-21.61,-15.794
-66.39,-22.378000000000004
-7.96,-3.682
-11.78,-17.958000000000002
-5.45,-7.866
-26.05,-13.74
-14.32,-21.919999999999998
-6.14,6.561999999999999
-0.81,-1.9300000000000002
-3.49,-3.032
-17.75,-2.494
-4.45,-9.860000000000001
-7.41,-12.107999999999999
0.1,0.27799999999999997
15.83,-5.1579999999999995
-3.87,0.6159999999999999
-73.76,-55.432
2.24,2.554
-2.83,-30.221999999999998
-0.47,-10.834000000000001
-23.91,-21.856
-13.3,-12.292
-11.01,-1.488
-2.0,-18.346000000000004
7.43,9.908
0.78,2.4160000000000004
3.04,0.2439999999999994
-12.886,-10.9036
-6.54,1.192
-0.52,-1.9200000000000004
6.43,-42.718
-8.9,-12.366
6.85,-17.66
5.87,-0.504
-5.45,-7.096000000000001
-38.33,-11.081999999999999
-17.16,-4.458
-41.98,-36.227999999999994
1.53,1.1839999999999997
-4.55,-7.311999999999999
8.745000000000001,-3.97
-15.05,0.08600000000000003
0.14,2.436
-1.73,-15.406
-20.82,-22.07
-1.48,0.19800000000000004
8.9,-6.562
0.78,-3.402
4.38,-1.94
-7.0,-4.313999999999999
1.91,-5.4959999999999996
-16.15,-18.022
4.83,-7.886
-2.74,-9.354
-2.47,-0.742
-7.13,-25.644000000000005
6.77,2.672
-26.23,-21.5607
-6.18,9.988499999999998
-45.86,-26.298000000000002
-14.36,-12.766
4.01,8.975999999999999
-17.76,-12.592
15.14,8.478
-14.58,-4.086
-7.9225,-5.48
-2.73,-0.9900000000000002
-10.29,-8.182
-9.86,-6.066
-28.4,-13.239366666666665
-2.46,-0.010000000000000054
6.04,1.49
-69.27,-10.327999999999998
4.25,1.8780000000000001
5.16,0.11400000000000006
-13.75,-5.882
1.53,-4.404000000000001
1.07,-4.098
-2.03,-0.30799999999999994
-42.58,-26.668
-1.15,-12.708000000000002
-15.9,-4.8125
7.09,-4.1579999999999995
-22.01,-9.426
-12.62,-8.156
-8.62,-38.86
-0.26,-13.989999999999998
0.73,-2.6919999999999993
-4.89,-4.273999999999999
-80.89,-13.232
-3.97,-4.13
3.4,-1.2000000000000004
-53.21,-61.136
17.0425,4.2385
-4.09,-6.074
-11.99,-50.186
-17.005,-10.888499999999999
-6.16,-10.370000000000001
0.28,-0.10800000000000001
0.76,-0.952
-8.13,-7.686
-68.08,-59.970000000000006
-12.04,-17.112000000000002
-2.36,-0.8019999999999999
-5.4,-5.406000000000001
1.27,-5.081999999999999
-27.05,-4.066000000000001
0.44,-0.9440000000000002
-27.82,-10.581999999999999
-19.49,-6.515800000000001
-3.52,-1.734
1.47,-5.87
-4.5,-2.35
3.62,7.58
-1.45,-5.296
-78.41,-13.114
-1.98,-4.5360000000000005
-0.77,-9.758
-4.68,-13.289999999999997
-2.74,-0.65
12.43,-25.436
-1.58,-4.4799999999999995
1.24,0.05999999999999996
-58.3,-35.856
-7.86,-9.722
-8.61,-19.746000000000002
-2.4275,-15.3625
-1.0,-5.326
-0.7025,-4.0285
2.88,1.048
0.64,-0.42000000000000026
-1.87,-1.0540000000000003
-1.92,-15.62
1.37,-0.5319999999999999
-2.7,-0.13599999999999984
3.78,-2.0840000000000005
-16.765,-22.853599999999997
1.28,-1.404
-1.73,-3.4099999999999993
-11.25,-6.063999999999999
-11.75,-10.528
-7.89,-12.947999999999999
-16.08,-9.564000000000002
-11.33,-18.874
-0.01,-42.406
-3.5,2.228
-20.71,-36.501999999999995
-25.63,-10.3
-15.4,-8.838
-3.62,0.40700000000000003
12.04,0.65
1.32,-0.7359999999999999
-27.67,0.7148000000000003
-0.91,-0.9720000000000001
-3.72,-16.298
-2.11,-4.7540000000000004
-1.34,-14.370000000000001
9.0,-5.288
1.7200000000000002,-22.4145
1.34,-2.114
-11.43,-3.4800000000000004
-2.72,1.4660000000000004
-2.6,-1.7740000000000002
11.13,6.638
-4.14,-4.288
4.82,0.4079999999999998
-5.38,-1.078
-19.79,-17.985999999999997
-1.15,-3.0200000000000005
-0.04,-3.043999999999999
-1.62,-2.056
-13.34,-6.974000000000001
-43.78,-14.852
3.3175,1.098
4.39,0.7959999999999997
-4.54,-4.906000000000001
-1.52,-2.582
3.12,1.004
-22.03,-27.93
-2.39,-1.2239999999999998
-1.28,-19.532000000000004
1.09,-4.6259999999999994
-4.99,-3.8280000000000003
-14.66,-2.5319999999999996
-12.98,-1.8988999999999998
-1.68,1.076
14.34,0.374
-1.97,-0.8577999999999999
-37.06,-21.094
-15.73,-11.907
1.97,-5.556
-1.76,-10.834
-45.21,-48.756
-1.4,-0.37799999999999995
-16.25,-18.28
-8.89,-2.1719999999999997
-5.93,-5.184
-13.952,0.6668
-50.17,-52.226
-32.19,0.08200000000000003
8.32,-15.479999999999999
-7.18,-7.215999999999999
-5.36,-6.256
-1.39,-2.624
-4.27,-1.9260000000000002
3.07,-6.324
3.08,-2.3848000000000007
0.71,2.604
-7.68,-3.2640000000000002
-13.9,-8.367999999999999
-72.16,-57.362
-5.47,-8.558
-4.72,-0.9979999999999999
-6.207,-9.389
-5.09,-3.8880000000000003
12.84,3.7560000000000002
-9.14,-1.1280000000000001
-0.39,-7.540000000000001
-3.97,-0.30400000000000016
-4.88,-0.41399999999999987
-28.19,-17.172
-3.0,-23.066
-16.43,-32.14999999999999
-8.3,-15.124000000000004
-63.29,-45.854
-9.64,-3.8840000000000003
-6.55,7.2219999999999995
-4.52,-1.4380000000000002
-6.42,-11.897
-5.83,-1.366
-6.3,-6.556
-7.03,-1.426
-6.43,-33.760000000000005
-2.35,-6.802000000000001
-18.15,-16.746
-21.92,-17.718
-9.98,-5.983
-24.276,-7.719066666666667
3.88,-2.154
-1.07,2.6079999999999997
-63.89,-8.174
-6.06,-3.7659999999999996
11.83,-11.224
-41.38,-30.956
-2.05,-11.192000000000002
2.8125,4.805000000000001
-3.05,-1.552
-5.97,-1.7239999999999998
-5.18,-9.274
-69.27,-29.062
-2.21,-2.3940000000000006
-2.48,-1.6520000000000004
-53.26,-29.133999999999997
-35.7,-12.914000000000001
-5.89,-1.274
-3.58,-6.029999999999999
-32.87,-9.45
-34.33,-41.972
-6.29,-13.672
5.02,1.2260000000000002
-4.41,0.43200000000000005
-1.06,-1.168
-0.62,1.4440000000000002
-7.8,-2.1640000000000006
-8.77,-10.649999999999999
-28.55,-5.864
-11.32,1.0779999999999987
-6.56,-4.212
-47.69,-31.310000000000002
-12.58,-9.6165
-5.24,-1.1640000000000001
4.95,-6.198
-36.72,-31.844
1.93,-19.054
12.45,3.7659999999999996
0.5425,1.968
-23.486,-20.91633619047619
0.1399999999999999,2.0645
-7.33,-5.914
-3.42,-2.27
2.88,-1.634
-14.46,-2.958
-8.79,-4.71
-9.86,-5.213
-7.58,-1.8080000000000003
-7.09,2.7800000000000002
9.45,3.1439999999999997
-3.82,-2.404
-2.71,7.3454999999999995
4.01,-1.5040000000000002
-34.9,-19.57
0.35,-4.086
4.31,-0.552
-3.52,-7.7780000000000005
12.5675,-2.4015
-2.0,0.8079999999999998
-1.29,-1.0879999999999999
-0.75,-2.038
-0.37,7.913999999999999
0.36,0.5240000000000001
5.68,-10.924
-21.77,-17.532000000000004
8.09,6.773999999999999
0.3,-7.194
-82.37,-47.886
-5.52,-62.086
-2.47,-2.9919999999999995
4.31,2.238
-1.02,-20.256000000000004
-1.04,-3.478
-0.49,-1.14
-0.77,0.02400000000000002
-19.78,-11.799100000000001
-1.06,-1.768
-12.26,-5.522
-5.97,-45.338
0.13,-0.022000000000000065
-2.82,-7.304
-0.41,-1.416
2.25,-3.406
0.22,-4.3340000000000005
2.54,-2.304
-4.0,-5.666
2.55,-14.498000000000001
-3.16,-12.698
11.68,-10.453999999999999
7.6,5.6240000000000006
4.06,-1.514
-0.94,-8.168000000000001
-12.18,-7.961
-62.32,-40.334
-5.53,-6.661999999999999
2.71,-1.5659999999999996
8.04,-3.878
-5.96,-0.5879999999999999
-8.67,-7.523999999999999
-1.3,-13.524000000000001
-51.0,-23.894000000000002
-4.73,-4.574000000000001
-7.33,-1.042
7.43,-5.9159999999999995
-0.5,-6.263999999999999
-26.27,-54.95
6.4,-0.14199999999999996
-7.81,-6.7780000000000005
-10.38,-9.8358
6.07,-0.8799999999999999
-21.85,-9.360000000000001
1.3,-16.142000000000003
-0.33,2.8739999999999997
-4.38,-5.66
-1.25,-1.5139999999999998
-6.55,-15.288
-3.19,-0.476
-3.75,-2.95
2.14,-6.064
-15.07,-4.728
-46.2,-31.2
-61.81,-36.812000000000005
2.76,-0.826
0.99,-2.712
-19.64,-22.624000000000002
-2.94,2.142
-5.55,-9.59
-56.3,-17.708000000000002
-84.3,-68.118
-5.09,2.9219999999999997
6.52,-1.3399999999999999
-9.11,-9.767599999999998
-38.65,-24.302
0.44,-2.6439999999999997
-2.35,0.462
0.55,-3.034
-2.0,-3.78
-16.34,-19.65
-4.33,-8.1009
1.31,-4.796
-33.63,-20.419999999999998
2.07,-6.6054
9.67,8.434000000000001
-2.31,-5.556
-45.005,0.9904999999999999
-6.67,0.8480000000000001
-0.95,-5.1899999999999995
-1.67,0.22199999999999998
-50.49,-52.282000000000004
0.31,-2.262
0.4,-1.5899999999999999
6.07,-11.1644
-5.45,-4.42
-23.448,-32.3088
-11.44,-13.622
4.04,3.654
-0.18,-0.78
-39.3,-21.328
-14.14,-7.721999999999999
-3.47,-0.47999999999999987
-19.1,-29.41973333333333
-5.02,7.8075
-33.23,-38.284000000000006
-0.52,-3.46
2.29,4.9879999999999995
8.8925,-11.7755
-18.56,-6.016
8.03,-1.7525999999999997
-5.41,9.806000000000001
-15.6725,-4.7415
-54.02,-15.225999999999996
-26.63,-19.8998
-4.37,-2.5460000000000003
3.18,3.7980000000000005
-8.04,0.2120000000000001
-42.34,-24.177999999999997
-17.28,-46.116
-9.11,-1.828
-4.66,-4.158
-5.33,-4.752000000000001
-20.99,-34.254000000000005
-0.97,2.7979999999999996
0.08,-0.16
-8.69,-7.01
-3.29,0.27999999999999997
-12.19,-20.766
-0.38,-4.374
-19.0075,-16.623
-4.9275,-3.1235
5.88,3.7600000000000002
2.18,-3.034
3.72,0.8940000000000001
-54.55,-36.8054
1.97,2.1759999999999997
-2.96,5.343999999999999
2.09,1.6019999999999999
-0.63,2.4239999999999995
-5.87,-7.634
-0.42,-0.6260000000000001
-25.46,-21.792
-36.14,-14.658000000000001
1.79,-2.942
1.56,-3.628
-3.96,-5.337999999999999
-10.34,0.728
-9.34,-15.106
-15.27,-3.8875333333333337
-9.31,-25.378
-0.46,-1.3619999999999999
-29.11,-7.4
-1.59,-5.148000000000001
1.47,4.116
-2.82,0.8320000000000001
-2.79,-1.69
17.42,1.1675
-8.63,-6.964
5.51,0.4800000000000001
-14.68,-15.180000000000001
-12.0,-9.098
-3.19,-1.402
-1.69,-1.5
-11.52,-39.648
-22.19,-11.272000000000002
-5.69,-5.366
4.634,-9.9598
3.09,-5.212
-1.43,-1.066
6.79,3.45
-29.024,-14.355599999999999
-0.66,-2.232
-3.38,-1.4238000000000004
3.36,0.7019999999999998
0.85,4.832
6.3,-0.648
-1.83,-7.728266666666665
-5.01,-25.972
4.0,-7.095999999999999
6.03,3.778
-40.61,-56.378
-3.4,-14.193999999999999
-79.04,-37.2
0.37,-4.122000000000001
-1.59,-1.8399999999999999
0.93,-7.779999999999999
0.09,-17.45
-3.6,-6.776000000000001
6.88,-9.392
-1.34,-2.1380000000000003
2.78,2.1260000000000003
-17.54,-7.172
-54.2,-37.626
-3.36,-0.03200000000000012
-4.91,-2.529
5.2,6.511999999999999
-4.27,-2.062
-2.19,-0.3679999999999999
5.26,-5.828
6.065,7.178999999999999
-0.3,-0.8080000000000002
-3.06,-3.508
-14.77,-1.952
-44.69,-70.75399999999999
-8.293,-19.394600000000004
0.08,-0.16999999999999993
2.55,-3.0300000000000002
-23.02,-4.738000000000001
-37.64,-33.178
-25.75,-25.133199999999995
-68.79,-52.51400000000001
-10.05,-4.1579999999999995
2.01,-7.562
-12.85,2.6079999999999997
-36.83,-63.403999999999996
-2.76,-6.617999999999999
-5.69,-3.434
-5.87,-2.824
-74.76,-52.98199999999999
-33.5,-3.1599999999999993
-9.54,-13.268
-34.3,-26.637999999999998
-2.27,-19.368
0.5,-2.9825
3.43,-2.528
-1.9,-2.062
-1.11,-0.3355000000000001
-3.64,-1.7799999999999998
-45.31,-18.22
-32.63,-3.4480000000000004
-2.42,1.5855000000000001
-2.43,2.428
4.51,-1.182
-18.42,-15.746
-62.31,-23.380000000000003
-5.61,4.846
-40.14,-26.706
-37.73,-26.058
0.44,-8.312000000000001
5.93,1.2979999999999998
-7.42,-15.302000000000001
-0.29,-13.780000000000001
-6.89,-1.5979999999999999
-6.59,-11.151999999999997
-3.4,-3.7920000000000003
-1.85,0.686
-34.78,2.822
12.905,-2.0875000000000004
-48.38,-57.70399999999999
-4.93,-3.4
3.99,-3.4599999999999995
1.69,-3.2039999999999997
-13.23,-7.0200000000000005
-51.39,-88.05600000000001
16.55,2.351
0.527,0.8356
-9.52,-4.644
-3.79,5.206
6.118,-16.009999999999998
-1.69,-4.093999999999999
7.51,3.3375
-1.01,-0.506
6.9,-12.037400000000002
-32.58,-58.54200000000001
-1.4,-1.7119999999999997
-43.28,-53.903999999999996
-3.78,1.7120000000000002
3.74,3.944
-0.45,-5.366000000000001
1.26,-2.994
8.34,-8.468
-1.53,0.25
3.24,2.838
-14.81,-7.207599999999999
-3.0,-7.336
1.85,-10.577499999999999
-1.06,-6.595999999999999
5.25,-2.1660000000000004
-1.52,-1.3780000000000001
-8.22,-8.174000000000001
-1.68,-54.698
-9.23,-12.824000000000002
2.481,4.565199999999999
-4.75,-4.148000000000001
-60.55,-59.064
-4.54,-5.57
-2.47,-10.998
-4.65,-2.64
3.23,2.718
7.23,1.1599999999999997
-25.47,-15.367299999999997
-25.557,-18.484199999999998
-13.67,-0.634
1.59,-0.952
-2.98,-13.838
8.7,5.09
-0.33,-3.678
-2.37,-12.61
-8.74,-9.956
-1.71,-3.4239999999999995
2.9,-1.1835
-22.361,-16.396266666666666
-29.9,-20.618
2.34,2.79
2.62,-14.502
-3.36,-12.556000000000001
11.195,10.229000000000003
-68.45,-32.64
-6.78,-2.8280000000000003
3.58,7.446
3.52,-1.002
-2.72,-1.5399999999999996
-8.74,-8.858
1.37,-0.4760000000000001
-19.82,-7.106
-1.157,-14.5166
-9.6,-13.688000000000002
-8.5,0.10799999999999992
-0.53,-3.3860000000000006
3.42,11.788
-5.16,-9.98
-3.13,-7.5200000000000005
-1.87,1.4479999999999997
5.6,-42.58
-3.57,-3.406
-1.38,-3.1499999999999995
1.17,1.1439999999999997
1.63,0.15600000000000014
1.59,-10.29
-1.23,1.4579999999999997
3.88,-9.056000000000001
-17.31,-4.569999999999999
-77.12,-59.989999999999995
-0.83,-1.5100000000000002
-0.33,-2.572
-19.21,-11.09
-17.84,6.772
2.54,-0.556
-18.34,-19.345999999999997
-0.56,-1.1219999999999997
-4.87,-9.334
-43.37,-40.038
-19.04,-1.51
-3.26,-4.984999999999999
-1.09,-7.051999999999998
-12.234,-12.25
5.68,-2.96
-11.55,-45.45399999999999
-3.42,-8.666
-4.35,-13.751999999999999
-0.56,-5.822
-14.45,-16.790000000000003
-1.31,-2.54
-3.23,-20.950000000000003
-3.76,-3.774
9.07,-4.1442
-4.48,-6.65
-4.83,-0.8360000000000001
12.5575,5.2909999999999995
8.585,7.467999999999999
13.15,-25.426000000000002
-8.06,-10.228
-4.95,-13.703999999999999
-6.22,-13.501999999999999
-1.79,-0.036000000000000074
-6.6,2.5759999999999996
-0.89,-0.01700000000000008
-1.08,-1.458
-14.97,-41.792
-1.49,-1.6644999999999999
-3.47,-4.978
2.3,-0.021999999999999797
-0.2,-12.251999999999999
14.4,1.221
-0.79,4.45
-19.54,-38.914
12.62,7.358
-3.23,-1.918
4.97,-1.6479999999999997
-1.54,-3.25
-10.95,-7.234
11.46,-10.294
-10.84,-7.045999999999999
-0.01,-0.2940000000000001
-26.81,-58.132000000000005
-4.36,-4.582000000000001
-1.1,0.4579999999999999
0.9,0.7819999999999997
4.48,1.3479999999999999
-17.05,-31.758000000000003
2.43,3.428
-5.26,-0.5659999999999998
2.14,-1.43
-22.4,4.0616
-12.79,-5.312
-16.12,-5.614
-5.55,0.354
-11.95,-0.7500000000000002
5.87,7.023999999999999
-1.84,-8.373999999999999
2.24,1.8660000000000003
-3.06,5.0200000000000005
-21.1,-9.931999999999999
-1.72,-6.6240000000000006
-2.33,-0.1879999999999999
-19.12,-10.738
-20.81,-21.926
0.11,5.287999999999999
0.12,-3.332
-1.85,-14.796000000000001
-11.61,-31.1
-0.47,-10.370000000000001
-3.78,-7.134
1.1,3.9
-18.875,-22.45
-4.82,-5.374
3.44,-7.7299999999999995
-3.91,-7.186
-6.23,-5.348000000000001
-45.08,-41.828
-62.55,-35.932
-4.91,-13.412
-20.55,-29.912
-57.58,-40.6
-35.74,-20.948
-3.74,0.5660000000000001
-20.067,-0.49680000000000035
-4.29,0.7759999999999998
-51.29,-25.298
-71.18,-27.873999999999995
-1.65,-10.331999999999999
4.1,5.178
-2.66,-3.6239999999999997
-3.33,-2.1
3.86,-1.930000000000001
-16.35,-24.6
-3.97,-15.807999999999998
-10.58,-7.273999999999998
10.24,-5.314
-0.11,-1.862
-5.37,-18.572
3.77,-6.906000000000001
-18.12,-1.634
0.44,-4.204
-37.861,-24.962759999999996
3.6,2.428
-3.38,-12.846
-8.27,-7.15
-0.57,1.426
-6.4625,-26.945999999999998
-3.349,-7.874
-3.67,-1.298
-1.77,-1.28
-13.65,3.8421999999999996
-3.91,-1.656
-0.58,-46.24
-1.27,-1.576
-10.51,-7.162000000000001
-60.47,-52.262000000000015
-34.4825,-6.2645
-3.24,-10.902000000000001
-2.77,-5.77
-2.03,-1.22
0.63,-2.5100000000000002
0.7,-2.604
-1.52,-3.721000000000001
-7.08,-23.817999999999998
-9.83,-6.544
4.14,-1.1720000000000002
2.39,-2.7260000000000004
8.9975,-0.3129999999999999
2.76,0.03599999999999968
4.12,3.528
-72.7,-52.004
-3.72,-11.322
0.17,3.7600000000000002
-0.96,-8.262
-7.77,-4.62
1.88,0.5519999999999999
-1.91,1.0320000000000003
5.54,2.558
-31.27,-34.077999999999996
-49.12,-19.348
2.95,4.194
4.39,1.23
-2.87,-3.78
2.53,1.0839999999999999
-2.93,0.08600000000000001
-4.52,1.028
-7.95,-2.9319999999999995
-23.2,-32.112
-2.095,-18.4372
7.53,1.6340000000000003
11.23,-16.4085
1.65,-3.682000000000001
7.36,3.3899999999999997
2.03,-9.895999999999997
-0.73,-0.5700000000000001
-31.68,-5.0585
2.58,-1.592
-55.43,-15.659999999999997
-0.86,-16.108
-0.21,2.816
-7.61,-14.45
-5.29,-3.4850000000000003
3.84,5.2795000000000005
-34.32,-29.697799999999994
-0.44,-4.2459999999999996
-0.43,-0.45199999999999996
-0.96,-1.698
-7.74,-1.9359999999999995
-8.33,-5.496
-9.16,-5.9079999999999995
-0.641,-0.145
-0.78,-23.386000000000003
-4.67,-23.86
-5.6525,4.0794999999999995
10.49,4.008
3.61,-13.01
-75.56,-34.797999999999995
-6.57,-1.638
-4.46,-0.39786666666666654
1.26,-9.657
1.72,-3.966
-43.63,-39.176
2.37,-5.394
-24.4,-22.91
0.14,-1.2465
-1.54,-4.694
-2.03,9.108
1.19,-3.8040000000000007
0.61,-6.624
8.07,2.724
-9.06,-10.292
-15.6,-15.604
-5.865,-23.0706
6.61,-7.376
4.63,-4.758400000000001
-6.79,-7.874
-6.56,-15.614
6.56,-1.7259999999999998
-2.89,-1.5140000000000002
-5.28,-12.518
-5.32,-5.024
-3.05,-5.696
26.28,9.648
5.862,-0.10433333333333347
-59.55,-40.309999999999995
0.89,-5.467999999999999
10.49,1.8940000000000001
-6.98,-2.68
-29.46,-24.036
6.97,-3.2659999999999996
3.01,0.516
-3.57,-8.429999999999998
-2.38,-2.558
-22.78,-22.773866666666663
-42.09,-22.145999999999997
-0.74,-2.306
8.88,2.2299999999999995
-19.43,-2.9900000000000007
-4.47,-3.8659999999999997
-20.57,3.928
-2.55,0.9819999999999997
-21.16,-45.038
-48.09,-10.427999999999999
-7.4,-1.5379999999999998
-11.09,-17.654
1.94,1.0020000000000002
-7.35,-6.529999999999999
-0.59,-3.5480000000000005
-6.04,-3.2659999999999996
4.4775,2.4844999999999997
3.75,-44.370000000000005
-16.71,-9.398
-13.21,-24.058
2.36,-2.686
5.3,-6.907999999999999
2.27,-0.9199999999999999
3.87,0.3879999999999999
2.16,1.092
2.89,4.626
2.74,-9.318000000000001
-6.95,-3.5199999999999996
-1.78,-4.1339999999999995
5.88,0.21600000000000003
-8.47,-0.982
-9.42,-3.2379999999999995
15.92,5.717999999999999
-10.43,-5.497999999999999
-48.89,-40.236000000000004
-17.95,-9.524000000000001
-9.1,-12.762
-69.85,-40.222
-9.28,-4.07
0.33,-4.969
7.069999999999999,1.4110000000000003
-7.7,2.3280000000000003
-16.86,-10.722
1.36,3.9220000000000006
2.77,-8.532
-2.403,-4.8304
-8.3925,-1.1495000000000002
-20.85,-12.216
-20.01,-5.508
4.38,1.098
-23.11,-21.835999999999995
0.07,-3.054
-11.1,-42.821773333333326
11.88,7.337999999999999
-1.94,-0.6119999999999999
13.79,4.156000000000001
-15.14,-5.272
-21.6325,-17.267
-2.02,0.8019999999999998
-44.15,-26.088
1.4,-0.9440000000000002
-1.63,-5.914
2.54,-2.232
7.71,1.1845
-6.31,-3.3199999999999994
5.04,1.196
2.44,-0.718
2.06,0.58
-4.737500000000001,0.6069999999999999
-14.14,-6.767999999999999
-16.77,-4.808
2.78,-2.998
-14.71,-5.788
18.14,2.762
-1.86,1.1720000000000002
-17.52,-5.901999999999999
-0.19,-1.5849999999999997
-6.76,-7.268000000000001
-9.74,-12.157999999999998
-1.78,1.3719999999999999
6.31,3.7939999999999996
-0.27,2.6695
-3.65,-1.982
-9.08,-8.476
4.2225,2.4604999999999997
-16.08,-16.318
-4.81,-0.21000000000000005
2.2924999999999995,5.6129999999999995
-46.31,-33.348
-47.95,-21.914
-22.16,-2.78
11.23,0.8819999999999999
-4.09,-3.5740000000000003
-0.81,-2.044
-3.28,1.4760000000000002
-14.8,-3.5699999999999994
0.61,-2.694
0.98,-5.331999999999999
-27.16,-22.582
-0.13,-4.675999999999999
-6.54,-3.8400000000000007
-4.36,-6.814
-6.0,0.6680000000000001
-5.9,-4.13
-24.75,-1.5155999999999996
-1.52,-24.603999999999996
-11.16,-8.324000000000002
-34.62,-6.4239999999999995
-11.08,-16.768
-1.91,-1.204
-23.37,-22.116000000000003
-19.02,-0.17399999999999985
-8.3,-9.011999999999999
-11.98,-6.723999999999999
-5.73,-4.396
-2.53,-30.877999999999997
-49.065,-39.775
-2.76,0.23200000000000004
3.79,-0.5980000000000001
-13.17,-13.758000000000001
0.22,-18.631999999999998
-3.92,-1.0020000000000002
-1.52,-1.0699999999999998
-11.64,-4.4799999999999995
1.97,0.8379999999999999
-10.47,-11.568000000000001
-1.28,-1.4240000000000002
-0.73,-2.2340000000000004
-8.64,-9.233999999999998
-5.23,-9.330000000000002
5.46,3.946
-6.295,-9.036
-2.25,-2.8
-9.92,-3.8819999999999992
3.04,0.9580000000000002
2.3,-0.7880000000000001
4.42,-0.5285000000000002
-25.54,-8.735999999999999
-5.55,-0.41399999999999987
8.3975,4.672000000000001
-19.01,-8.734
2.91,-0.5520000000000002
-6.19,-21.640000000000004
-2.24,0.33800000000000024
-53.64,-50.622
0.69,-2.138
1.2,0.2378
2.72,1.316
-8.91,1.4932000000000003
6.78,-13.202000000000002
1.17,-0.35199999999999976
5.52,0.6960000000000001
1.22,4.686
2.8775,1.0625
7.14,-8.367999999999999
-10.49,0.31799999999999995
5.17,1.2850000000000001
-2.79,-1.6460000000000001
-5.85,-23.028
-2.79,-4.894
-32.58,-3.3318
-30.06,-14.389999999999997
-16.08,-28.828000000000003
-4.35,-1.8380000000000003
-35.98,-22.886000000000003
-2.34,6.202
-3.08,-4.385
-0.31,1.1159999999999999
-12.07,-10.074
1.05,-6.072000000000001
-20.44,-10.868
3.85,2.95
-5.575,0.8535999999999999
-4.2,-3.8880000000000003
-12.83,-26.089499999999997
0.81,-0.68
-8.65,-2.288
-10.03,-49.766000000000005
-11.06,-27.988
-3.4175,-0.03950000000000013
0.59,-4.294
2.51,1.188
-7.81,-0.48999999999999994
5.08,-2.842
3.49,3.832
-3.76,-3.44
0.03,-2.0442
-2.68,2.1759999999999997
-2.28,-8.688
0.71,1.026
-41.38,-18.236
14.4,-8.725999999999999
-31.57,-34.04600000000001
10.08,8.446
5.23,-8.66
0.87,-0.5379999999999999
-64.43,-20.482
-8.38,-3.4080000000000004
-4.08,-0.06799999999999998
2.13,-0.36000000000000015
-17.38,-40.239999999999995
0.6,-8.428
1.74,1.124
-0.65,-7.659999999999999
2.06,2.764
11.35,2.58
-3.81,-16.924
-23.92,-2.4219999999999997
-4.8,-3.084
-7.94,-14.067999999999998
6.58,-9.144
1.33,1.7439999999999998
-7.63,-19.046000000000003
4.88,2.896
0.34,-7.786
-4.12,-11.492799999999999
1.28,1.1400000000000001
-73.85,-25.088
1.16,-16.226000000000003
27.89,16.302
-46.92,-35.458000000000006
-67.82,-51.914
-5.3,-3.4979999999999998
-7.58,-9.732
7.16,-2.5424999999999995
5.07,3.8440000000000003
-14.68,-10.69
0.6799999999999999,5.3774999999999995
2.93,0.6060000000000001
-3.68,0.8400000000000001
-1.45,-0.35400000000000015
-38.03,-2.282
-2.13,-1.2639999999999998
-5.21,-2.874
-2.62,-1.512
7.04,6.653999999999999
-3.0,-7.9719999999999995
-4.28,-2.5200000000000005
-68.27,-57.65999999999999
5.51,7.775999999999999
1.4,-13.892
-3.05,-10.308
-2.34,-4.1240000000000006
2.54,3.048
-14.55,-7.43
-0.96,-1.514
2.83,-0.768
-3.35,-8.685999999999998
8.235,1.0424
-7.58,0.09399999999999994
10.59,-0.28649999999999987
2.89,0.6599999999999999
-22.68,-19.264000000000003
-21.915,-6.672
-7.85,-17.041999999999998
0.04,-2.39
-2.24,-1.096
-0.07,-0.4860000000000001
0.72,-7.289200000000001
-29.95,-8.022
-4.82,-11.352
-11.99,-5.470000000000001
1.53,1.152
-7.48,-6.768000000000001
-15.02,-8.988
-2.74,-11.61
-6.05,-1.232
-4.7,3.5439999999999996
-24.37,-9.654
-0.54,-3.874
-55.47,-41.832
2.04,-1.4739999999999998
-19.66,-15.260000000000002
-5.7325,-0.5289999999999999
-35.58,-25.1076
1.08,-2.864
19.71,5.596
-16.13,-30.204
-4.72,-4.8
0.22,-4.756
-77.62,-76.1
7.76,5.888
3.6,-2.136
-21.89,-3.9619999999999997
-10.15,-5.644
-0.6575000000000001,-4.21
-13.68,-15.618
-6.45,-1.952
-26.02,9.328899999999999
-23.29,-20.456
-8.61,-4.968000000000001
-1.67,-20.637999999999998
-4.39,-1.932
-12.43,-45.432
-2.8,-19.503999999999998
-27.76,-19.046
5.29,-1.2959999999999996
-26.97,-22.195999999999998
-0.06,-6.186
-3.15,-56.008
-20.97,-0.5720000000000003
-10.26,-15.431999999999999
-3.61,-2.7999999999999994
-2.67,-0.5
3.9,-3.0805000000000002
-16.9,3.286
0.07,-6.9319999999999995
-10.8,-6.95
-0.67,-7.153999999999999
1.06,-1.1420000000000001
-2.66,-17.534
-4.42,-3.1419999999999995
-31.71,-58.648
-4.54,-28.304400000000005
4.56,6.215999999999999
0.02,0.58
-9.04,-5.555999999999999
-5.986,-18.944799999999997
-1.18,-4.002
-15.72,-2.6300000000000003
1.43,-12.780000000000001
2.07,3.814
-9.16,-9.258000000000001
-19.62,-20.145999999999997
1.17,1.17
-1.24,-15.563999999999998
-13.28,-1.9460000000000002
-1.96,-12.598000000000003
-47.71,-74.53399999999999
2.715,0.11499999999999999
-12.94,-3.2939999999999996
-11.27,-21.359999999999996
-1.89,-0.3200000000000001
-1.29,-36.422000000000004
-0.6,0.23600000000000004
7.0,8.512
5.92,-7.481999999999999
-4.51,-1.7040000000000002
-6.37,-5.82
-9.09,-8.332
0.59,2.5
0.12,-7.379500000000002
3.45,2.5620000000000003
-11.72,-18.686
-13.92,1.294
-74.8,-39.348
-37.98,-9.934000000000001
-31.95,-16.998
-1.64,-7.9319999999999995
-4.27,-0.27599999999999997
-16.38,-29.994
-0.98,-1.2420000000000002
-2.76,-15.246
-14.15,-12.642
-14.89,-8.692
-9.18,-9.734
4.32,5.116
-2.485,15.106399999999999
-17.97,-9.384
-4.49,1.3119999999999998
-23.95,-2.7579999999999996
-17.36,-3.9780000000000006
-5.81,-6.0680000000000005
2.84,-0.05800000000000009
-14.67,-9.716000000000001
2.97,-3.8760000000000003
-20.85,-6.884
2.0,-10.471
-5.27,1.1539999999999997
7.01,-0.30199999999999994
1.72,1.2440000000000002
-0.86,-0.12000000000000002
-15.08,0.8443999999999996
8.33,3.4
-4.75,-4.646
2.5,-8.378
1.78,-14.746
-1.04,-3.254
-3.8,3.748
-3.51,3.9665
-36.46,-11.886
1.09,1.918
-16.84,-18.827999999999996
5.12,1.158
-7.52,-44.519999999999996
-20.27,-5.87
6.8,-0.75
-2.4,-8.940000000000001
-2.31,-1.83
-9.39,-12.952000000000002
-56.75,-15.272
3.11,-10.742
7.03,3.114
-3.22,-5.9546
1.02,-2.128
-35.08,-28.896000000000004
-1.06,4.202
0.47,-6.698
-15.08,-11.106
7.76,-23.246000000000002
-10.929,-13.301999999999998
0.48,-3.036
0.14,3.5879999999999996
-19.79,-2.52
-23.72,-25.719600000000003
-34.4,-21.974
13.93,12.452
7.55,-15.886000000000001
-1.53,-0.6180000000000001
-1.52,0.1
-15.587,-12.212
4.0,0.47199999999999986
-2.72,-17.555999999999997
-0.95,0.274
-40.43,-37.379999999999995
-1.1,-0.14999999999999997
-2.46,1.1540000000000004
-7.29,-5.932
-3.75,3.404
-1.45,-2.6260000000000003
-39.84,-31.329999999999995
-4.36,-8.355999999999998
-5.9,-26.309999999999995
-6.4,-1.4819999999999998
2.094,3.2960000000000003
-1.51,-16.6
-0.42,2.2299999999999995
8.25,5.066
-0.79,-1.876
-1.67,5.268
4.8,-7.382
-0.95,-2.21
-6.78,-8.020000000000001
-3.215,-0.33450000000000024
-29.045,-29.6646
-14.13,-6.606
0.15,-0.782
-4.71,-18.78
-10.23,-11.848
-43.05,-52.029999999999994
-72.96,-69.958
-2.51,4.582
-27.56,-18.352
-3.47,-40.508
-8.53,-0.4400000000000001
3.54,-10.2354
-5.33,-5.786
-8.07,-26.722
-3.34,-2.402
-7.86,-5.124
-36.19,-40.35600000000001
-9.7175,-23.562499999999993
-2.04,-0.23400000000000004
-2.56,-5.590000000000001
-40.9,-22.794
-4.29,-10.734
9.4,1.268
15.855,-1.4371000000000005
-1.72,-6.018000000000001
-12.11,-35.952
-23.38,-23.072
0.31,-0.5700000000000001
3.51,1.3039999999999996
7.52,1.0900000000000003
10.87,-0.2179999999999996
-9.37,-4.228
3.4,-9.955999999999998
-7.3,-10.2
-12.93,-4.292
-1.93,-7.159999999999999
-4.82,-4.4030000000000005
-9.37,-7.103999999999999
-0.26,2.02
-7.06,-8.144
-29.2,-31.248000000000008
-4.3,-1.144
-1.8,-3.6700000000000004
1.01,1.642
-8.61,1.498
-2.65,-1.306
-13.66,-33.67
11.025,7.8790000000000004
0.93,-2.4400000000000004
0.75,3.2155
-5.4,-12.065999999999999
-16.74,1.1599999999999995
-5.19,-2.1340000000000003
-7.56,-28.902000000000005
-6.53,-10.224
-1.29,-1.236
5.78,-19.214
-17.14,-21.625999999999998
-4.78,-4.9399999999999995
8.265,13.994499999999999
-15.12,-16.846
2.47,-1.224
8.48,-2.2560000000000002
-5.05,-3.322
-31.22,-5.368
-28.8,-2.6320000000000006
0.78,0.17400000000000007
0.23,-1.1425
14.945,6.463000000000001
-4.75,-5.302
-6.34,-11.134
-1.2875,-4.6945
-4.78,-3.6659999999999995
-6.89,-4.556
-6.63,-6.7299999999999995
-4.651,-2.2948
-3.05,2.632
27.05,-6.016
-8.43,-3.536
-5.59,-2.136
1.21,-23.770000000000003
-90.31,-27.155999999999995
-13.5,-7.540000000000001
-10.73,2.704
-26.88,-22.776
-4.76,-2.8280000000000003
-77.19,-44.36
3.81,1.9140000000000001
-4.73,-7.074
-100.8,-23.195999999999998
-4.52,-3.8920000000000003
-10.69,-8.84
-8.61,-5.194000000000001
-0.16,-1.7719999999999998
1.94,-2.6220000000000008
11.17,5.904
15.72,2.966
4.2,1.3139999999999998
-2.82,-10.38
0.85,-11.574000000000002
7.617,-12.4186
5.1,-0.046
4.93,-2.318
-1.83,-2.0040000000000004
-14.66,-14.468
-1.36,-11.847999999999999
-7.49,-2.924
-29.05,-23.04
6.01,-3.464000000000001
-77.12,-22.830000000000002
1.21,1.016
-40.59,-33.236000000000004
-10.37,-17.466
-9.02,-5.526
-10.63,-18.160000000000004
-52.3,-23.580000000000002
0.82,-2.1959999999999997
-56.71,-44.214
-3.84,-2.298
-11.26,-4.94
-4.71,-15.168000000000001
3.73,0.9019999999999999
-4.48,-3.0460000000000007
-1.8075,-14.641500000000002
-2.1,-8.675999999999998
-7.047499999999999,-19.432
-0.14,0.7760000000000001
-1.22,-4.598000000000001
-2.83,-47.816
3.31,-1.3219999999999998
-6.16,0.8640000000000001
-4.58,-3.6739999999999995
-4.98,-2.334
14.34,8.506
0.625,-2.51
1.54,10.9916
4.17,1.7899999999999998
1.25,-9.735499999999998
-19.75,-13.922
-2.64,-0.388
-4.55,-14.578
1.17,2.8
-11.56,-12.307799999999999
1.18,-3.436
-32.1,-2.838
-18.72,-5.254
-22.52,-8.502
-1.04,-1.6059999999999999
-22.56,-29.761999999999993
-12.68,-14.959999999999999
-2.54,-4.234
3.2275,3.042
-19.85,-25.473999999999997
5.69,5.6739999999999995
1.76,4.164
3.9,3.4379999999999997
2.32,-1.6260000000000001
-10.79,-0.8999999999999998
-18.25,-23.502
-11.39,-34.21
-9.47,-3.6199999999999997
11.3725,6.639
-31.67,-19.464
-66.92,-19.794000000000004
-1.4,0.5600000000000002
-7.06,2.76
11.34,-28.378000000000004
-50.05,-32.708000000000006
-4.34,-2.526
-26.44,-17.13
-3.81,-17.381
-14.51,-19.582
-2.52,-9.575999999999999
-6.63,-10.342
12.3,-5.024
-1.55,-1.512
-41.54,-31.568
-2.07,-3.904
5.99,3.904000000000001
-11.5,-15.282
-0.78,-3.992
1.1,-0.508
-16.97,-15.252
-52.98,-58.232000000000006
2.11,-2.966
-3.67,-0.542
-14.302,8.5667
-7.34,-5.118
-7.8,-6.386
-8.78,-0.386
-14.36,-3.47
-7.61,-3.036500000000001
-49.66,-44.01
-15.89,-15.441999999999998
-25.44,-32.45399999999999
-12.28,3.8019999999999996
0.15,0.1759999999999998
-0.04,-0.876
-19.0,-8.742
-9.23,-4.926
7.58,5.032
-35.61,-24.75
-25.47,-44.873999999999995
2.29,4.465999999999999
0.15,-2.7179999999999995
-17.7,-23.1
-35.005,-28.719
-32.93,-1.8679999999999997
6.04,-0.03650000000000002
-6.66,-3.2659999999999996
-12.87,-5.382
-0.81,-2.774
2.77,0.5480000000000002
1.58,-1.06
-5.13,-4.234
-11.93,-17.389999999999997
5.28,-17.706
-1.53,-5.23
-9.74,-6.394
-23.184,-19.35
2.57,-0.09399999999999994
-19.85,-37.559999999999995
-25.21,-25.410000000000004
-5.13,-3.3939999999999997
-5.45,-10.663999999999998
-25.14,-0.2660000000000002
1.78,3.428
5.72,-2.5200000000000005
-12.22,-17.856
-2.585,-0.5335000000000001
9.73,-10.17
-1.55,3.118
8.16,-1.6339999999999997
-1.12,-6.465999999999999
0.68,0.9019999999999999
-11.535,-4.098000000000001
-0.27,-5.058
-9.68,-13.309999999999999
-17.575,-9.7535
-39.67,-15.305999999999997
-2.07,-4.16
-18.18,-6.369999999999999
-7.48,-3.4219999999999997
-7.81,-22.722
-1.35,-0.5425000000000004
-3.27,-0.716
-2.66,1.5639999999999998
-1.38,-2.6719999999999997
-15.4,-26.243999999999993
-7.51,-15.186000000000002
-30.37,-4.012
-6.27,-18.9
2.62,2.896
5.07,2.73
-75.3,-66.564
7.64,4.741999999999999
-73.85,-35.193999999999996
2.7,-3.036
-4.0675,-1.6944999999999997
-41.38,-41.518
-16.26,-44.062
0.25,-1.193
-7.16,-3.064
-1.88,0.506
-42.21,-55.85799999999999
-6.6,-15.684000000000001
-0.86,-5.022
-7.41,-3.936
-31.59,-12.052000000000001
12.65,1.9300000000000004
1.36,-1.7859999999999996
-18.595,-19.1395
0.13,-1.1119999999999999
-14.66,-12.696
-2.54,-17.378
-0.34,-1.55
1.5339999999999996,-2.6971
-13.15,-1.996
-13.81,2.2939999999999996
3.765,-5.0565
15.02,-16.662
5.49,-1.0379999999999996
-15.77,3.2
-0.19,-0.534
2.39,-3.786
-2.3875,-5.316
-7.88,-12.938000000000002
-36.2,-31.8548
-18.7,-3.0300000000000002
-7.1775,-3.3985
-64.77,-12.198
-1.35,4.7
-11.46,-20.582
-6.13,-4.859999999999999
-29.55,0.584
-12.9,1.2995
1.44,-7.646000000000001
-11.46,-3.3
-3.18,-42.208
-19.03,-8.928
-2.81,-2.1579999999999995
-41.08,-63.57000000000001
-10.0,-9.436
-10.8,-9.322
-11.426,-20.152800000000003
-8.94,-5.488
-2.07,-7.56
7.44,4.064
-0.23,-4.478
1.84,-4.496
-0.52,2.4779999999999998
-9.63,-4.805999999999999
-41.63,-48.836
15.8,-9.225999999999999
-37.04,-33.414
0.72,-0.8740000000000003
1.78,1.536
-4.05,0.21999999999999983
0.2,-3.224
5.701,5.7
-1.79,-2.0919999999999996
-54.56,-9.27
9.56,7.014
5.79,2.1580000000000004
-28.23,-42.56
-8.26,-1.8359999999999999
-3.86,-2.0360000000000005
2.3675,6.7385
6.53,-19.882
-1.65,-6.11
1.19,-13.988
1.35,-2.742
-50.1,-18.742
-1.57,2.08
3.89,-5.813999999999999
-14.785,-7.207599999999999
3.81,-0.522
1.91,-8.609999999999998
3.15,8.426
3.32,0.5999999999999999
-1.75,-3.04
-1.36,-5.947500000000001
-12.66,-9.994
-13.82,-28.432
-3.57,-3.9540000000000006
-71.52,-45.504000000000005
2.35,4.267999999999999
-0.77,-1.638
-0.16,-5.1979999999999995
-5.11,-1.7380000000000002
0.81,-2.202
-3.67,-7.542
0.79,-5.806
-38.29,-28.875999999999998
-27.08,-10.944
-3.65,-1.938
-1.04,-2.664
-5.05,1.842
-51.78,-48.742000000000004
-1.594,-7.728266666666665
-6.82,-26.79
-12.36,-18.688
-3.17,15.406
15.489999999999998,-3.6774999999999998
-31.71,9.8262
7.14,-31.439999999999998
-4.88,-1.7763568394002506e-16
-28.53,-11.309999999999999
-2.88,-2.738
-1.661,-4.5562000000000005
-1.85,-3.4659999999999997
-7.81,-0.6799999999999999
-23.0,-19.174
6.53,-3.218000000000001
11.17,2.5260000000000002
5.02,9.5325
-12.27,-23.78
-59.74,-38.75
-11.19,-5.794
-5.36,-16.438
0.23,-13.985999999999999
3.07,-2.2619999999999996
7.53,1.7339999999999995
-2.56,-10.408
-13.91,-3.8620000000000005
2.54,4.7
-52.56,-59.970000000000006
-2.35,4.36
1.41,-4.117999999999999
1.68,-0.35649999999999993
0.87,-1.2119999999999997
-3.0,-1.8039999999999998
-27.34,-61.970000000000006
-6.27,-7.766
-10.07,-20.768
-4.77,-9.692000000000002
-14.98,-4.4
6.8575,-2.1325
-5.73,-3.4899999999999998
-17.57,-14.212
17.75,19.375999999999998
-3.06,-14.907999999999998
-1.23,-20.12
-0.09,-7.343999999999999
-12.87,-3.6620000000000004
11.77,-10.078
-3.69,0.35000000000000037
1.82,15.648500000000002
-0.42,-2.002
1.85,0.36799999999999977
-4.59,-4.15
0.11,-6.7540000000000004
-1.91,2.46
-3.45,-1.1119999999999999
4.27,0.05800000000000001
-5.36,-8.83
1.86,-2.762
0.76,-1.954
4.045,-3.7583999999999995
-0.05,-4.138
-0.27,-8.588
0.29,-0.5940000000000001
1.51,-7.959999999999999
5.61,1.2779999999999998
-1.0,1.438
-1.43,-2.3140000000000005
-56.49,-30.954
-35.06,-51.59000000000001
0.29,-12.762
-2.69,-12.997499999999999
-2.11,-0.9579999999999999
2.43,-0.061999999999999965
-9.72,2.5105000000000004
-12.71,-14.152000000000001
-5.95,1.5140000000000007
-3.49,-9.377999999999998
3.57,-13.288
8.445,1.4760000000000004
-21.6,-20.548000000000002
-3.78,-9.32
-16.76,-14.447999999999999
-29.64,-34.456
-17.08,-8.142
-5.3,2.7000000000000006
-1.365,2.4964999999999997
-31.824,-23.561999999999998
9.51,9.292
-1.69,-6.653999999999999
1.68,-7.458
-9.04,-8.802
4.16,0.15000000000000008
-4.809,-9.727
2.29,1.886
1.87,-11.114799999999999
-3.31,-2.0940000000000003
-32.89,-2.272
-25.53,0.9020000000000004
-4.68,0.398
-13.65,-12.55
-5.07,-1.8599999999999999
-2.49,-2.4539999999999997
6.52,1.9179999999999997
-17.87,-28.901999999999997
-2.43,-1.2600000000000002
5.3,-2.42
-1.75,-3.0740000000000003
-4.1,-2.9400000000000004
-4.07,5.320400000000001
-1.88,0.04600000000000008
-22.18,-35.622
1.84,-2.774
-3.7,-8.370000000000001
-36.94,-18.9381
0.91,-15.439999999999998
-0.33,-6.545999999999999
-5.57,0.074
-3.97,-5.026000000000001
4.48,1.863
-0.01,2.918
1.57,-0.7380000000000001
3.11,-23.0225
-9.325,-11.310000000000002
-7.42,-13.6
4.11,1.4016999999999995
-18.72,-41.967499999999994
-0.26,-3.214
-48.9,-28.96
-6.172,-6.104000000000001
-2.61,-0.009999999999999787
-1.99,6.215999999999999
-1.21,-3.382
-14.42,-12.164
-0.67,-1.0159999999999998
4.06,5.808
-3.66,-7.286
-5.18,-3.7399999999999998
1.28,-4.38
5.52,-2.616
0.01,-2.6740000000000004
-1.06,-4.306
-38.42,-26.668
-5.87,-0.598
-0.19,1.52
1.37,-4.036
-52.92,-42.84400000000001
1.18,-9.623999999999999
-3.58,-1.6119999999999997
-7.18,-14.668000000000001
-45.09,-7.078
-11.17,-3.2979999999999996
-13.05,-8.122
-2.78,5.4879999999999995
-1.35,0.5020000000000001
-0.83,-0.22200000000000014
-75.5625,-43.9075
-3.86,2.352
-31.166000000000004,2.2840000000000003
-40.65,-19.362000000000002
-44.77,-17.242
-11.3575,2.5055
0.93,-37.928000000000004
4.05,-28.151999999999997
10.93,10.059999999999999
-79.35,-55.28399999999999
-50.45,-44.220000000000006
-4.79,-3.782000000000001
-47.52,-42.832
-13.17,-16.426
7.14,-8.736
6.77,0.3599999999999999
-0.88,-12.496500000000001
-2.08,-3.692
-42.42,-55.459999999999994
-0.59,-4.398000000000001
-6.05,-16.282000000000004
6.45,-6.298
31.6375,5.0005
6.74,-1.7440000000000002
8.4,6.119999999999999
-18.83,-21.886
0.47,-20.052
0.42,-1.4940000000000002
3.635,-0.8370000000000001
-15.65,-1.6420000000000001
-3.06,-5.09
-6.46,-14.290000000000001
9.5,0.556
2.08,-3.558
-19.11,-20.30933333333333
0.5,-2.434
12.82,4.946000000000001
-6.8,-2.344
-2.0225,2.8715
-3.13,-4.659999999999999
-8.24,-12.34
7.68,2.3880000000000003
-16.17,0.10599999999999991
-1.21,1.5739999999999998
-3.96,-3.168
-2.13,-0.3759999999999998
-58.43,-60.262
-2.36,-2.986
-4.96,-6.396000000000001
-1.05,-26.590000000000003
-12.915,1.8154999999999997
-2.97,-5.790000000000001
3.05,-0.9480000000000001
-5.93,-6.434
2.42,1.0879999999999999
4.74,-1.656
-2.96,-13.441999999999998
13.64,1.1
-3.93,-2.274
-7.03,-1.094
-11.39,-10.508000000000001
13.76,2.9940000000000007
-1.91,4.786
2.2,-2.596
6.32,-13.852
-4.22,-3.9559999999999995
-5.31,-22.468
0.8,-4.828
-54.18,-11.25
-26.49,-22.276
-10.95,-17.729999999999997
-9.88,-3.3900000000000006
-4.607,-25.29124
8.17,-14.256
1.27,-2.2960000000000003
-4.41,-17.278
-30.82,-8.148
-8.23,-30.782
-3.82,-1.318
5.893,-22.88
1.3,-6.18
-5.92,0.9240000000000002
-0.68,0.5940000000000003
12.42,6.07
-4.92,-5.41
0.53,2.038
3.99,-5.1505
4.806,-11.0195
-14.28,-18.253999999999998
-1.065,-2.653
-6.7,-15.601999999999999
-38.02,-48.209999999999994
5.86,1.8359999999999999
-5.98,0.5580000000000002
-10.08,-7.228
0.36,-3.0660000000000003
-35.14,-8.6774
-2.55,-0.4119999999999999
10.17,12.339500000000001
-5.19,-2.302
-0.72,-2.24
-1.22,-10.062000000000001
-1.86,0.40599999999999986
-3.75,-0.8720000000000001
4.55,2.6600000000000006
14.21,1.7559999999999998
-3.02,-3.9579999999999997
-12.53,-9.431999999999999
-43.1,-54.50999999999999
-6.31,-16.714
-1.6375,-1.8270000000000004
-20.87,-0.9479999999999998
-33.95,-57.638
0.21,-3.2275000000000005
-5.45,-7.438000000000001
-18.97,-44.79
-2.39,-16.214
-24.77,-14.091999999999999
19.17,6.0680000000000005
-16.79,-14.4755
-1.33,-1.816
14.33,1.8679999999999999
-13.06,-13.914000000000001
-9.4,2.568
9.24,4.918
-4.24,-2.8500000000000005
6.16,-4.044
-8.95,3.2879999999999994
-3.43,-6.816
0.0324999999999999,-2.4444999999999997
-22.87,4.05
1.02,1.206
-1.64,4.5440000000000005
1.365,-11.356800000000002
1.53,1.7559999999999998
-24.16,0.01600000000000019
-42.08,-23.028
1.59,0.8640000000000002
0.95,-10.522
13.96,1.3579999999999997
4.06,0.6219999999999999
-11.03,-5.3100000000000005
-9.65,-17.53
-40.55,-13.356
-0.14,6.790000000000001
-1.43,-5.6049999999999995
1.11,-8.156
7.72,-8.758000000000001
-8.42,-0.4700000000000001
-0.8200000000000001,-2.191
-8.98,-18.291999999999998
-5.93,-17.66
-22.17,-8.982000000000001
-1.4,2.829999999999999
-30.6125,-39.1555
0.25,1.816
0.83,12.884
5.23,1.312
5.24,2.67
-27.245,-15.675500000000003
-26.81,-5.784000000000001
10.94,8.504
7.3675,-2.8995
-70.57,-29.034
-72.71,-65.074
-5.22,-3.6620000000000004
0.9,4.1815
-1.6,-1.138
-2.13,-5.946
-7.11,-0.576
-0.85,-0.21999999999999983
1.49,-2.316
-11.94,-0.9200000000000002
5.07,-4.792
-4.06,-8.5245
3.01,3.3125
-18.28,-5.93
-3.98,-33.78
-6.86,-10.114
-16.71,-23.03
-4.29,-5.688
-3.55,-6.024
-0.4,-1.818
-9.21,-2.83
-7.36,-2.998
0.82,-2.572
-2.96,0.582
-48.53,-45.992
-4.55,-20.234
-1.68,-2.9720000000000004
-23.07,-16.201999999999998
-1.76,2.314
-17.85,-1.3112
0.8775,-17.083500000000004
-10.13,-13.931999999999999
-1.77,-13.251999999999999
2.56,-1.3099999999999998
2.81,10.012
7.28,-4.684
-0.39,1.658
-37.07,-47.94
-4.17,0.5999999999999999
13.12,-2.058
0.14,-1.544
6.21,2.1179999999999994
9.51,4.577999999999999
-1.52,2.49
-37.48,-30.845999999999997
-18.5,-5.17
5.39,-1.6300000000000001
-0.02,-2.4219999999999997
-28.83,1.5420000000000003
-4.18,-9.652000000000001
-5.64,-3.046
-5.16,-0.021999999999999974
-17.605,-17.4695
-1.88,1.5559999999999998
-8.49,-3.6119999999999997
-7.43,-12.928
-14.15,-14.072
-4.31,-14.88
-39.76,-4.3260000000000005
-5.13,-4.135999999999999
2.07,-5.904000000000001
-42.61,-60.552
-1.36,-2.012
9.17,8.664
-1.35,-1.794
-3.76,-5.3839999999999995
0.09,-1.082
-25.536,-25.540000000000003
-11.78,-23.994
0.73,-2.728
-3.04,-3.716
-4.12,1.52
0.41,1.346
-9.24,-18.896
4.87,0.33799999999999997
-0.41,-16.348
-12.2925,-26.2235
-1.43,4.4639999999999995
3.8,-0.014000000000000323
3.89,3.224
-7.84,-0.5339999999999999
1.58,3.6020000000000003
-4.92,-25.217999999999996
3.77,0.6699999999999998
1.51,-3.525
-5.33,-18.162
8.57,2.719499999999999
-3.22,-7.688
-7.79,-5.401999999999999
-2.89,-0.476
-45.79,-6.548
-1.99,-9.193999999999999
-18.97,-26.868000000000002
-4.77,-6.869999999999999
19.6,8.498000000000001
0.56,-1.1260000000000001
-60.19,-44.676
-2.31,-2.128
16.94,2.351
1.9125,0.6695
-60.45,-2.7034999999999996
-55.67,-9.738
-2.67,0.7540000000000004
-13.42,-1.9500000000000004
-1.7,0.172
0.67,-35.006
-49.19,-43.114
-18.63,-27.256
2.33,-0.2560000000000001
-41.19,-36.254
-3.2,-9.727999999999998
-21.91,1.324
3.73,2.402
-6.52,-6.217999999999999
0.26,-0.7760000000000002
-15.49,-5.464
-20.71,2.3440000000000003
-2.2,-2.644
-9.63,-3.596000000000001
-19.43,-9.117999999999999
1.56,-5.368
2.87,-0.9219999999999999
-9.91,-22.98
-9.865,1.5438
0.9,-11.597999999999999
-19.1,-20.304
-4.36,-3.8779999999999992
0.28,4.882
-41.04,-9.394
-1.36,1.5560000000000003
7.522500000000001,-1.5265
-3.2,-1.7540000000000002
-32.6,-11.469999999999999
-49.91,-42.652
-18.73,-57.484
-6.95,-24.252
-6.96,-25.183999999999997
-4.84,-8.7075
-1.36,2.854
-9.21,-21.381999999999998
-3.5,0.392
5.58,-14.695999999999998
-35.8,-24.816300000000002
-54.75,-9.842
-5.41,-6.318
-0.46,-0.748
-4.56,-9.122
-5.95,-6.508
5.5125,-5.0767999999999995
-18.82,-26.724
-1.91,-7.286
5.96,-1.3479999999999996
3.38,2.524
-3.8,-1.118
1.03,-13.375500000000002
1.08,0.008000000000000096
-29.41,-22.182
-14.65,-13.434000000000001
-3.39,-2.834
-3.47,-7.268000000000001
-2.3,-2.792
-66.29,-11.056000000000001
-3.35,11.896
-8.51,-12.144
-7.64,-14.906
-26.67,-17.014
-4.67,2.859
-1.95,-4.0200000000000005
0.95,-3.7039999999999997
-18.99,-0.08599999999999994
-1.22,-4.016
2.08,-8.45
-4.851,-18.3262
-46.04,-76.15
5.81,1.06
-9.11,-5.644
-1.21,-1.042
-0.52,-2.868
-3.86,-1.528
-4.03,-12.774
-7.23,-0.01200000000000001
-3.31,-4.59
-2.48,-18.743999999999996
-19.35,-2.4880000000000004
7.95,-31.320000000000004
-1.67,-20.844
-6.1,-9.724
-13.16,-17.894000000000002
-3.39,-4.766
1.34,6.08
3.22,-31.310000000000002
-11.9775,1.6925000000000001
-2.36,-2.538
2.9,-46.622
-5.85,-11.875999999999998
13.84,-1.6439999999999997
-69.14,-57.668000000000006
-3.47,-4.642
-1.93,-3.9019999999999997
0.83,-1.152
-6.71,-8.063999999999998
-1.84,-5.2440000000000015
-10.84,-13.098000000000003
-3.02,-10.104
-2.48,1.012
-0.37,-2.502
-21.0,-17.944
-2.26,-2.574
-3.2,-1.6299999999999997
-9.94,-7.484
2.6900000000000004,-16.171400000000002
-3.51,-2.75
-2.23,0.8120000000000003
-7.83,-6.116
-18.11,-15.9328
-4.69,-7.151999999999999
4.09,-36.65599999999999
-7.22,-6.8420000000000005
1.28,-4.851999999999999
-2.64,-2.806
-6.26,-4.386
-0.81,1.064
-19.98,-1.1400000000000001
-4.97,-7.246
-11.89,-14.357999999999999
-9.97,-0.588
5.62,-1.3700000000000003
1.38,0.2980000000000002
-8.52,-14.888000000000002
-5.15,-2.596
-25.71,-39.006
13.9,2.8619999999999997
3.25,4.8420000000000005
-4.71,-2.4360000000000004
-26.13,-8.030000000000001
17.25,5.6979999999999995
-1.73,-7.406000000000001
-0.71,-5.587999999999999
-1.2,-2.912
9.51,-0.6979999999999998
-9.66,-1.5240000000000002
0.33,-5.223999999999999
-16.5,-7.384
-0.56,3.4480000000000004
-1.87,0.017999999999999995
3.36,-1.282
-30.1,-16.752
-2.05,-4.168
-8.36,-11.235600000000002
-10.42,-5.748
-1.3,1.332
-10.4,2.128
1.47,-3.35
1.21,-7.55
-1.53,0.02400000000000002
-3.56,-5.198
-6.63,3.6519999999999997
-9.48,-27.402000000000005
2.43,5.884
4.61,-10.584
8.65,-3.214
4.25,0.20199999999999996
-1.8,-1.8219999999999998
-8.95,2.564
-0.06,3.0585
-17.21,-28.772
-2.11,-1.1059999999999999
-4.07,-5.138
-3.92,-7.01
-0.54,-0.20800000000000002
-6.47,-6.542000000000002
-30.41,-28.408000000000005
-2.52,-3.308
-0.56,-3.592
-10.67,-3.4200000000000004
12.66,10.386000000000001
-1.65,-1.968
-9.66,-6.996
-38.8,-15.804000000000002
-34.61,-67.68599999999999
19.36,2.224
-13.77,-15.744
-66.51,-27.752
3.98,-2.62
10.99,6.354
1.85,-0.7280000000000002
-6.09,-4.923
6.9975000000000005,-3.3370000000000006
-23.87,-8.872
-4.56,-1.4320000000000004
-6.11,-6.58
-15.14,-13.312000000000001
-28.83,-20.996
-19.23,2.366
-2.55,-8.180800000000001
-10.34,-9.322
3.79,-7.274000000000001
0.38,-15.951999999999998
0.24,1.1260000000000001
1.78,-5.274
-3.01,-0.9480000000000001
-1.92,-0.8459999999999999
7.72,-7.5840000000000005
1.15,3.918
-13.262,-11.345799999999999
11.92,4.0729999999999995
-3.38,-2.784
-6.5,-14.808000000000002
-0.05,-2.8839999999999995
-31.6,-26.718
-23.48,-4.868
-2.17,-1.2959999999999998
-5.5125,-0.37049999999999994
2.13,-1.0219999999999998
7.08,-8.065999999999999
-8.64,-9.609999999999998
-5.27,-5.694
-16.02,-20.1303
0.09,-5.398000000000001
-9.01,-32.674
-2.25,-5.17
0.59,0.654
3.24,-3.656
-8.83,-12.79
0.4,1.616
1.08,2.452
-1.5,-23.137999999999998
-2.94,-3.154
-0.7100000000000002,-0.23299999999999982
-6.0,-17.706
-0.77,11.506000000000002
-1.37,-24.564
-2.07,-0.4800000000000001
-36.23,-1.196
10.19,1.7480000000000004
2.49,-6.0624
-0.55,-4.878
2.59,-1.0379999999999998
-8.56,-0.4959999999999999
-7.4,-6.168000000000001
-0.41,-0.11800000000000002
3.18,-1.184
-10.76,-5.79
6.01,-5.3740000000000006
-6.88,0.05600000000000005
-48.86,-23.012
-12.79,-19.874000000000002
-19.2,-4.924000000000001
2.91,10.855999999999998
-1.96,-3.3779999999999992
-6.8,0.17999999999999972
-4.43,-25.297999999999995
-9.63,-5.0840000000000005
-9.12,-8.475999999999999
-11.52,-9.568000000000001
2.52,4.552
-33.09,-6.412000000000001
-2.57,-9.326
5.67,-15.796000000000001
-0.19,-9.392
-2.69,-2.2279999999999998
0.0149999999999999,-6.608999999999999
12.87,-23.8
-1.55,-3.28
-0.52,2.7284999999999995
-13.52,-7.936
1.6175000000000002,-7.8845
-1.15,4.334
-10.57,-14.048000000000002
-36.944,-18.9381
-7.44,-3.768
-0.86,-2.82
-11.74,-14.186000000000002
-11.76,-43.248000000000005
-7.17,-2.722
-5.3,-2.2920000000000003
2.83,1.8900000000000001
0.76,-0.015999999999999924
2.12,-2.7180000000000004
0.33,-6.486
8.71,3.4259999999999997
1.94,9.532
1.16,-1.464
-11.53,-2.732
15.51,-1.404
-5.04,-31.002
-4.31,-9.035499999999999
3.25,-7.3598
3.35,3.498
0.01,-5.0840000000000005
13.33,8.514
-1.65,-0.014000000000000058
6.92,2.818
-16.3,-17.244
-4.43,-2.8600000000000003
-26.5875,-22.913
-33.03,-30.0656
-33.0,-2.200000000000001
2.54,6.4799999999999995
-30.14,-16.35
2.69,0.5180000000000001
3.23,-0.026000000000000155
-3.13,-3.864
-1.24,-1.8719999999999999
1.47,-3.886
-7.02,-2.306
8.58,-1.1039999999999999
-11.1,-28.892500000000002
-5.25,-32.542
-23.53,-20.3882
-0.68,-12.258000000000001
2.33,-0.16000000000000014
-19.38,-7.55
-8.49,-10.818000000000001
-0.1825,-0.6078999999999999
-7.5,0.00799999999999983
-8.71,-2.59
-1.69,-0.33599999999999974
-4.2,-9.978
4.1,-4.254
-17.6875,1.3969999999999998
1.78,-15.949200000000001
-2.14,1.1620000000000001
-4.67,0.696
-28.17,-33.126
-6.17,-5.462
-10.84,-3.939999999999999
-2.5,-2.944
4.72,-2.65
-35.2,-7.652000000000001
-8.24,-3.1379999999999995
3.28,2.652
15.1,0.2535
3.4825,3.2464999999999997
3.55,5.537999999999999
0.32,-26.517999999999994
-1.97,-13.14
0.66,-2.828
0.67,-1.2
-46.12,-42.525999999999996
0.19,-1.234
-8.38,-4.369999999999999
12.73,-3.6879999999999997
-5.82,1.5079999999999998
-13.71,-3.44
0.93,-10.777999999999999
-5.17,0.308
-12.64,-13.904000000000002
8.06,-7.537999999999999
8.15,1.764
3.76,-2.3480000000000003
14.96,7.9319999999999995
-8.61,-0.388
-2.17,-1.2559999999999998
-0.55,-2.05
-67.96,-43.577999999999996
-18.62,-35.92800000000001
5.455,1.8005000000000002
-7.178,-2.5740000000000003
-45.64,-18.318
-0.7274999999999999,-5.485
-16.26,-12.0168
-5.82,-11.975999999999999
-1.11,-12.104
-1.24,-3.59
-32.14,-16.504
-27.24,-52.96
-26.03,-8.633999999999999
-2.94,-1.27
-15.3,-10.324
-4.38,-0.4900000000000002
1.94,2.7600000000000002
-1.05,1.1520000000000004
9.42,8.212
-24.58,-6.758000000000001
1.64,0.040000000000000036
-0.47,-2.62
1.93,4.534000000000001
1.42,2.464
4.35,1.5839999999999999
-43.46,-2.426
-72.83,-38.339999999999996
-10.56,-11.348
1.12,-0.4539999999999999
0.93,-4.83
-3.65,-0.7680000000000003
-1.03,1.246
4.16,-6.106
-14.67,1.2600000000000002
0.88,-3.9379999999999997
-2.81,-1.5895
-1.2,0.2679999999999999
3.45,-0.5359999999999999
-15.84,-1.7440000000000002
0.599,-5.5526
-0.34,-2.436
0.31,-0.30399999999999994
-2.06,-7.182
0.84,-2.538
-40.03,-47.874
-36.74,-0.6805000000000001
1.25,-15.756
-31.07,-8.134
-19.0925,-13.213
-47.92,-39.014
-20.83,-10.722
-4.1,-7.605999999999999
-2.74,-0.25600000000000006
-29.7,-18.116000000000003
-84.29,-28.166500000000003
-2.8,-6.481999999999999
-10.9,-9.258
-2.58,-3.8519999999999994
-12.42,-13.062000000000001
3.68,2.04
-2.58,-12.376
-2.73,-25.920000000000005
-1.54,-0.8159999999999998
-6.5675,-15.522
2.77,5.3420000000000005
-7.82,-13.1
-0.03,-1.3519999999999999
-4.45,-3.531999999999999
-8.57,-3.838
-1.87,1.3219999999999998
-0.12,-12.029999999999998
-3.16,3.694
1.25,-13.842000000000002
-16.01,-17.29
4.11,-0.74
-0.7,-4.168
-18.87,-6.21
-4.62,-23.104
-41.572,-7.964866666666667
1.29,0.32199999999999995
6.47,3.428
-3.22,0.011999999999999834
2.48,-18.166
1.6725,-1.7
-4.43,-5.893
-12.53,-2.122
-0.82,-9.794
-43.87,-15.942000000000002
2.91,-9.098000000000003
-0.99,-2.372
-8.46,-6.927999999999999
-37.43,-41.986000000000004
-8.042,-5.884399999999999
-2.97,-4.569999999999999
-7.21,-5.924000000000001
-5.6450000000000005,-4.3305
-1.47,-10.48
-6.78,-25.31
0.28,-0.6900000000000001
-1.75,-4.89
-9.5,-10.212
-0.74,-1.2500000000000002
-15.3,-14.297999999999998
-63.69,-30.071999999999996
4.71,6.822000000000001
-10.71,-2.928
-8.7,-2.0220000000000007
5.13,-3.3280000000000003
-5.25,-5.942
-4.01,-6.7299999999999995
-3.85,-0.4539999999999999
-0.12,0.85
-7.09,-7.787999999999999
6.21,6.346
-27.71,-18.436
13.88,7.042
-13.95,-8.764
2.04,1.59
-6.765000000000001,-8.093
12.59,0.33799999999999997
-9.34,-14.946000000000002
-9.15,-7.286000000000001
-4.82,-0.48200000000000004
-10.74,-15.01
-1.29,-5.4479999999999995
-36.52,-13.644
-11.85,0.86
-7.02,-30.8906
3.52,2.524
-0.21,0.009999999999999964
-5.74,2.0940000000000003
-0.53,-6.9319999999999995
3.86,-1.1860000000000004
-5.69,-1.7879999999999998
0.71,1.5959999999999999
-28.04,-3.176
-12.92,-6.816
-1.91,-1.6039999999999999
-11.73,-35.7005
-28.68,4.254
0.57,-9.006
-2.65,1.0885000000000002
5.98,-5.336
1.32,0.968
5.27,-8.934000000000001
-7.83,-8.876000000000001
-62.58,-50.54599999999999
-2.65,-3.684
-0.88,0.342
-1.36,-0.09999999999999983
8.23,2.9899999999999993
2.86,8.814
-82.1575,-25.545
-5.83,-5.322
3.72,2.756
-12.7,-5.5120000000000005
-4.3,1.204
8.92,3.7
-29.14,-7.642
-0.58,-6.2700000000000005
5.12,-4.75
-18.84,-5.986
-8.12,-14.15
3.98,5.337999999999999
-13.54,-14.575999999999999
-3.595,-1.8295000000000001
-49.82,-30.790000000000003
-10.58,-0.332
-22.37,-14.459999999999999
-7.05,-21.028
1.14,4.934
-11.47,-13.704000000000002
-0.3,-0.5439999999999999
2.76,-0.3759999999999999
-3.25,-21.778
0.25,0.011999999999999966
-5.0,-38.852
0.37,-7.017999999999999
-30.73,-18.198
-43.17,-24.924
0.67,-3.038
-4.32,-3.4240000000000004
-32.021,-25.678999999999995
0.58,5.354000000000001
-5.56,-25.752000000000002
8.7925,8.9405
-4.8,-11.947999999999999
-62.9,1.4680000000000006
-10.53,-12.872
-2.74,-10.728000000000002
6.55,-0.5599999999999999
6.44,-2.3200000000000003
-15.17,-31.816000000000003
6.07,-1.4380000000000006
-2.16,-4.453999999999999
0.44,2.1580000000000004
-8.06,-28.848000000000003
-3.5,-2.276
-53.17,-48.75816
5.2,-0.716
-13.51,-14.210400000000002
-17.73,-10.306000000000001
-31.06,-14.016
12.05,13.053999999999998
2.11,-0.30800000000000016
-16.8,-9.91
-1.57,0.24799999999999986
-4.15,-4.1
-10.62,5.348000000000001
-1.6,-2.6659999999999995
-25.69,3.532
-10.17,-6.925999999999999
-0.04,-2.0159999999999996
-3.02,-2.098
-4.49,-12.564
0.01,2.7199999999999998
-5.3,-5.064
9.57,-4.516
-0.11,-4.556
0.98,1.888
-12.84,-2.5199999999999996
-17.96,-13.36
-9.8,-3.1599999999999997
-0.28,-3.8939999999999997
-39.45,-28.592000000000002
-59.29,-31.874000000000002
-29.41,-23.652
1.33,-5.15
2.7,-1.4540000000000002
-14.83,-23.761999999999997
1.81,-4.184468571428572
-4.91,-3.59
2.45,-3.168
12.96,6.066
-2.89,-0.9119999999999999
-18.63,-12.822
12.03,2.4
-9.28,-2.4640000000000004
4.47,-3.146
-1.06,-1.972
-2.28,-1.6740000000000002
-12.2,-6.43
-4.58,-0.7480000000000003
12.08,-19.03
0.72,-0.8839999999999998
-10.27,1.0100000000000002
-0.92,-1.846
-21.78,-48.498
11.58,6.4159999999999995
-8.4,-3.31
-2.33,-5.752
-69.27,-41.354
4.13,-31.472
-5.02,-13.580000000000002
-23.3025,-17.3275
12.87,11.72
-3.54,-1.846
-16.69,-28.066000000000003
-9.05,-5.498
11.5575,0.992
-1.735,-11.074000000000002
-5.47,-4.242
-6.975,-11.459999999999999
-19.89,-7.452
-9.75,-42.477999999999994
-3.85,-2.246
7.842499999999999,10.8005
-3.94,1.1840000000000004
-4.06,-1.6460000000000001
-1.35,-0.966
12.57,2.7420000000000004
-24.06,-0.49799999999999967
-6.8925,-20.03249999999999
-7.68,-1.358
-1.35,-3.846
-26.76,1.35
3.18,-2.6060000000000003
-8.22,-18.64
10.84,-6.384
-1.54,-2.348
-1.59,-2.118
-11.16,-2.224
-6.54,-0.42200000000000004
1.478,-16.946026666666665
-5.03,1.932
-1.64,-0.76
-82.2675,-36.763
-2.93,-7.964
-5.12,-13.77
3.81,6.045999999999999
-6.79,-8.18
0.86,4.74
-27.68,-13.258
-4.68,-5.668
-0.8,-3.2079999999999997
-58.71,-29.82
-53.04,-60.782
-22.7,-2.38
-10.34,-3.6079999999999997
3.24,-1.9079999999999995
-5.31,-2.196
-55.18,-5.0735
0.93,2.3739999999999997
-11.1,-22.356
-31.15,-37.886
0.05,-30.413999999999998
-3.97,-24.43
-23.76,-28.009933333333333
-2.22,-10.252
-2.59,-4.194
-1.08,-4.7878
-4.84,-5.046
-50.75,-48.432
-2.94,-4.01
-20.11,-31.838
0.27,-9.404
0.75,6.088
-0.65,-18.468
-6.49,-8.85
-49.76,-47.842
-8.43,-4.735999999999999
-2.66,-14.104000000000003
-7.91,-8.126000000000001
-0.16,-1.2760000000000002
1.68,4.458
-4.94,-9.486
-4.91,-7.546000000000001
-10.92,-2.168
1.03,-3.052
-8.79,2.806
-4.84,-8.678
-11.37,-0.3920000000000002
-30.89,-62.153999999999996
-16.41,-16.296
2.77,2.438
-40.89,-37.7
-0.2,-0.7939999999999998
-13.2375,-11.374
3.8,1.2760000000000002
2.28,-3.504
-6.06,2.83
-3.85,-1.4539999999999997
4.39,1.336
-3.78,-1.8200000000000003
-9.08,-3.654
-22.37,-8.9
-11.17,-2.8280000000000003
-7.61,-4.536
-20.98,-1.902
4.41,-7.715999999999999
14.56,9.576
-8.1,5.5920000000000005
-19.0,-2.3800000000000003
0.53,3.628
-36.82,-36.278000000000006
6.1875,1.8115
3.57,-13.344
-21.23,-27.439999999999998
-8.63,-0.9480000000000001
-73.23,-24.746000000000002
0.7,-2.482
-0.75,0.6959999999999998
-3.66,-0.8100000000000002
2.2,1.568
-88.79,-60.098
-14.78,-9.87
-11.53,-20.904000000000003
-9.24,-15.812000000000001
-4.36,-5.33
-75.23,-55.565999999999995
10.89,12.644
2.03,-1.7160000000000004
-7.15,-13.882
-4.53,-0.18200000000000008
4.83,1.6260000000000001
-7.72,-4.04
-19.04,-28.291999999999994
-12.98,-9.274
-12.08,-18.466
-8.42,-1.3980000000000001
8.26,7.062
-19.01,-11.468
-1.983666666666667,-0.9316000000000001
-0.2,-12.719200000000003
1.04,-5.67
-1.34,0.43200000000000005
-39.08,-11.326
11.3075,5.898999999999999
1.9,-7.772000000000001
-3.06,-4.174
-1.55,-2.8579999999999997
-4.39,-0.25800000000000034
