gene_idx,gene_name,degree,log_rna_degree
1,ABL1,0.7577289724,2.1901184219646423
2,ABL2,0.1717632842799999,0.42681572729679845
3,ACAA1,0.18341366938,0.20150051109057782
4,ACACA,0.0862750598333999,0.2705149510865667
5,ACACB,0.0919637578463999,0.0
6,ACADL,0.0877835438939999,0.0
7,ACADM,0.11712118416,0.34485617992683504
8,ACOX1,0.1496226830199999,0.24080841861249774
9,ACOX2,0.1748543649199999,0.0
10,ACOX3,0.13806653904,0.15168159644321932
11,ACSBG1,0.1861860403,0.0
12,ACSBG2,0.180759949236,0.0
13,ACSL1,0.1210992590679999,0.4526290214150899
14,ACSL3,0.186093001,0.6719665507286195
15,ACSL5,0.1326456768599998,0.0
16,ACSL6,0.1173536629499999,0.0
17,ACTA2,0.0614129471311599,0.15260544070929813
18,ACTB,0.1699225489097999,1.2178413441780052
19,ACTG1,0.0891787831933999,0.5952292632716563
20,ACVR1,0.2446180424603996,0.6782252257820758
21,ACVR1B,0.1043939880427197,0.21708119543765939
22,ACVR1C,0.117693709466,0.0
23,ACVR2A,0.0945051787097759,0.06550599817099494
24,ACVR2B,0.1214546784607998,0.0
25,ADAM17,0.0123298332388391,0.03563780177310993
26,ADCY1,0.3694451220381997,0.0
27,ADCY10,0.2992694055839998,0.0
28,ADCY2,0.2872190224367798,0.0
29,ADCY3,0.2247237556493223,0.49376855902399003
30,ADCY4,0.4274404721979442,0.0
31,ADCY5,0.4852786180583364,0.0
32,ADCY6,0.3825931163070998,1.0360813655557628
33,ADCY7,0.3718604875292078,0.598486366765735
34,ADCY8,0.2909976030742205,0.0
35,ADCY9,0.4798036678360759,0.7722142135403185
36,ADCYAP1,0.0974789819625998,0.0
37,ADCYAP1R1,0.0374525303566199,0.0
38,ADGRB1,0.02145608366,0.0
39,ADIPOQ,0.2124089649,0.0
40,ADIPOR1,0.060972123146,0.2131894896186544
41,ADIPOR2,0.041050577789,0.15343349741492335
42,ADORA1,0.0490550833001998,0.16167755200571182
43,ADORA2A,0.0972957491289598,0.0
44,ADORA2B,0.00859517844182,0.011915447406714312
45,ADORA3,0.0350958003329999,0.0
46,ADRA1A,0.0531318146581999,0.0
47,ADRA1B,0.0640735553249999,0.04441240422197535
48,ADRA1D,0.0308924589539999,0.0
49,ADRA2A,0.1145540939029998,0.0
50,ADRA2B,0.02565829278,0.0
51,ADRA2C,0.0249444502949999,0.0
52,ADRB1,0.0471244919743399,0.0
53,ADRB2,0.107035865525322,0.29676643363068156
54,ADRB3,0.0359724449446599,0.0
55,AFDN,0.0379785215627198,0.0910685173231168
56,AFP,2.8623318000000003e-05,0.0
57,AGAP2,0.1726688132099998,0.0
58,AGER,0.2379525670126997,0.16493615093185424
59,AGRP,0.0413110359309997,0.0
60,AGT,0.2093452612279999,0.0
61,AGTR1,0.2591591755692918,0.0
62,AIFM2,0.03289041272,0.058931708437878864
63,AIM2,0.0182015117179999,0.0
64,AJUBA,4.2934977000000005e-05,0.0001561796781033707
65,AKT1,2.1209903722973373,5.085912787382641
66,AKT1S1,0.7021862601999995,1.258148880875184
67,AKT2,2.5246195833979983,4.063218471994323
68,AKT3,2.513755549943598,6.246447881996338
69,ALDOA,0.02520995569,0.14008738921239391
70,ALDOB,0.0312659506759999,0.0
71,ALDOC,0.02850760826,0.0
72,AMH,0.1619623724750399,0.17793385270292045
73,AMHR2,0.0172504134811797,0.0
74,ANAPC5,0.00057682079068,0.0015620596582009098
75,ANGPT1,0.4050007398559995,0.0
76,ANGPT2,0.3037810656451997,0.0
77,ANGPT4,0.4295717834741999,0.0
78,ANGPTL4,0.1694188745351996,0.372251314993382
79,AOX1,0.1346240985079997,0.2166691280660377
80,APAF1,1.4311659000000002e-05,3.431785946200226e-05
81,APBB1IP,0.08090568981616,0.28039775393664396
82,APC,0.0133562673049999,0.014673359392008986
83,APC2,0.098076008189,0.0
84,APH1A,0.028746577272,0.11571508342469383
85,APH1B,0.056502813757,0.10123945158713397
86,APLNR,0.2753649959149995,0.0
87,APOA1,0.08877868308,0.0
88,APOA2,0.0872580998599999,0.0
89,APOA5,0.1637290461799999,0.0
90,APOC3,0.1574632314999998,0.0
91,AQP7,0.18128063234,0.0
92,ARAP3,0.0453481629455999,0.049820049080559876
93,AREG,0.4142571970087192,1.261215331281458
94,ARF1,0.1016042324389999,0.4897610086131605
95,ARF6,0.03957238168598,0.13836513179026672
96,ARHGDIA,0.011682648455,0.0472335466476531
97,ARHGDIB,0.007961094976,0.0
98,ARHGDIG,0.0043486244,0.0
99,ARHGEF12,0.1324636701665997,0.3050088722888926
100,ARNT,0.6543685929630989,1.3607212357780514
101,ARRB1,0.1231106628013799,0.0
102,ARRB2,0.17415089839434,0.33888200065264684
103,ASPH,0.057951445065,0.15293718586058425
104,ATF2,0.8763879896371988,2.5804709575610825
105,ATF4,0.9461012195979988,4.647868778858946
106,ATF6B,0.4505556245959997,1.1195886676579856
107,ATG12,0.0870539048901999,0.14010785495572003
108,ATG16L1,0.0953288021509999,0.27008683432710784
109,ATG5,0.0867967180979999,0.22906151508307598
110,ATM,0.009882360213088,0.013699860237959455
111,ATP1A1,0.3948135096935999,1.6098668691354874
112,ATP1A2,0.1897914464149999,0.0
113,ATP1A3,0.2003076257599998,0.0
114,ATP1A4,0.2359726605407999,0.0
115,ATP1B1,0.3288981707625998,1.2866572104665253
116,ATP1B2,0.1917633220369999,0.0
117,ATP1B3,0.2688016575379999,1.040585248394822
118,ATP2A1,0.0339785748529998,0.02355215335880187
119,ATP2A2,0.0415265138979999,0.15521238934977627
120,ATP2A3,0.0592248182429998,0.0
121,ATP2B1,0.0441033485183399,0.11639126516790116
122,ATP2B2,0.0468795671786,0.0
123,ATP2B4,0.0812930057093258,0.20200553046835754
124,ATP6V1A,0.13317172975,0.3415787426543039
125,ATP6V1B1,0.1178831450769999,0.0
126,ATP6V1B2,0.0288182862949997,0.08329556081803323
127,ATP6V1C1,0.0045723397799999,0.01295441407825478
128,ATP6V1C2,0.0024735527509999,0.0
129,ATP6V1D,0.083713712636,0.23210369555139546
130,ATP6V1E1,7.155829500000001e-05,0.0002674612651576587
131,ATP6V1E2,0.0002398587542,0.0002635117749087436
132,ATP6V1F,0.023483966151,0.10593287196295827
133,ATP6V1G1,0.0148227790359998,0.061412770565679176
134,ATP6V1G2,0.0544399051294,0.0
135,ATP6V1G3,0.0192090052069999,0.0
136,ATP6V1H,0.047274356465,0.1088532284771957
137,ATR,0.099539743915,0.17835127872423692
138,ATXN1,0.004834695242,0.0033511553758588824
139,ATXN1L,0.0511134878659998,0.1477369817754541
140,AVP,0.2435100686592,0.0
141,AVPR1A,0.1796094013622599,0.0
142,AVPR1B,0.0903745662067199,0.0
143,AXIN1,0.2385065216209999,0.5240523911606334
144,AXIN2,0.2134119093095999,0.0
145,AZI2,0.011807411003,0.012971766825250851
146,BAD,0.2486239201183999,0.5169989077494899
147,BAG4,0.018815897272,0.026084372287584732
148,BAMBI,0.20965196606,0.0
149,BAX,0.65845405011,2.39518333949592
150,BBC3,0.121484546206,0.1684133413685866
151,BCAR1,0.0398766745817999,0.11056161822592414
152,BCL10,0.3150489211589996,0.7828671591965335
153,BCL2,6.49097372342,13.497600406431788
154,BCL2A1,0.0145912399419998,0.0
155,BCL2L1,0.3034684301839997,1.1483820877237392
156,BCL2L11,0.000177835771,0.00024653272654270815
157,BCL3,0.0967754846487999,0.10631873667698358
158,BCL6,0.0423655044869,0.029365529988094444
159,BDKRB1,0.003917135951,0.0
160,BDKRB2,0.0511891788203998,0.0
161,BDNF,0.6762219957145997,1.3158672444754782
162,BECN1,0.11908469175,0.29591434241752923
163,BID,0.046157981569,0.0959828243546708
164,BIRC2,0.2636391721151895,0.6551187319336376
165,BIRC3,0.0951503104254397,0.1851539547426267
166,BIRC5,0.1128417636535999,0.4217652316815728
167,BLNK,0.0234865582719999,0.0
168,BMP2,0.0574799675913997,0.0
169,BMP4,0.0549443549155999,0.0
170,BMP5,0.0447816297895998,0.0
171,BMP6,0.0990767454699998,0.0
172,BMP7,0.10511967717628,0.0
173,BMP8A,0.042320692535,0.0
174,BMP8B,0.0175344222653999,0.0
175,BMPR1A,0.3158767841395998,0.6146678401082016
176,BMPR1B,0.2459209856266957,0.0
177,BMPR2,0.3143017364193594,0.7810104748683815
178,BNIP3,0.0073102420059999,0.02381747417184749
179,BOC,0.035517191836,0.0
180,BORCS8-MEF2B,0.0847869403939998,0.0
181,BRAF,0.0214817802568519,0.03457359157195579
182,BRAP,0.0721247087426,0.15847418268245725
183,BRCA1,0.027381056392,0.06803936910670103
184,BTC,0.0074510844039999,0.01851524918363101
185,BTRC,0.0608491486099998,0.09793292671227041
186,CAB39,0.1440581577797997,0.4516935204759708
187,CAB39L,0.1608315012443998,0.11147990163277904
188,CACNA1C,0.0838170778573998,0.0
189,CACNA1D,0.1731075443131,0.0
190,CACNA1S,0.1077371792542159,0.0
191,CACNA2D1,0.007626220315,0.005286093109671227
192,CACNA2D2,1.4311659000000002e-05,0.0
193,CACNA2D3,1.4311659000000002e-05,9.920086084985367e-06
194,CACNA2D4,0.046550508144,0.0
195,CACNB1,1.4311659000000002e-05,9.920086084985367e-06
196,CACNB2,1.4311659000000002e-05,0.0
197,CACNB3,1.4311659000000002e-05,2.3033726584428705e-05
198,CACNB4,1.4311659000000002e-05,0.0
199,CACNG1,1.4311659000000002e-05,0.0
200,CACNG2,1.4311659000000002e-05,0.0
201,CACNG3,0.014523457515,0.0
202,CACNG4,1.4311659000000002e-05,0.0
203,CACNG5,0.033031406144,0.0
204,CACNG6,1.4311659000000002e-05,0.0
205,CACNG7,1.4311659000000002e-05,0.0
206,CACNG8,1.4311659000000002e-05,0.0
207,CACYBP,0.013173971263,0.05043841173367953
208,CALM1,0.4764357932396538,1.7330762474868264
209,CALM2,0.7234733908617996,3.595527679794318
210,CALM3,0.3820335417707995,1.5378193632846253
211,CALML3,0.5475911358406,0.0
212,CALML4,0.6719687411202002,0.0
213,CALML5,0.7761307311989198,0.0
214,CALML6,0.4638320877207997,0.0
215,CAMK1,0.1324647150184398,0.18363508747741636
216,CAMK1D,0.0220644897094,0.024240319537937892
217,CAMK1G,0.0389265389486,0.0
218,CAMK2A,0.2450790605602,0.0
219,CAMK2B,0.2251157754995998,0.0
220,CAMK2D,0.2759130189407998,0.6856180955290758
221,CAMK2G,0.2089109166089998,0.45902420044713177
222,CAMK4,0.9504523737593998,0.0
223,CAMKK2,0.0582994454541999,0.15787782498639336
224,CAMP,0.0488137215079999,0.0
225,CARD10,0.003489681767,0.010086477623381983
226,CARD11,0.0504359215586399,0.15589957471200586
227,CARD14,0.001507761677,0.0
228,CARD16,0.000827726284,0.0005737361400299605
229,CARD17,0.004235969944,0.0
230,CARD18,1.4311659000000002e-05,0.0
231,CARD6,0.018243885515,0.0
232,CARD8,0.050719819458,0.03515629985582215
233,CARD9,0.3003021919301995,0.0
234,CASP1,0.1018203557593599,0.11186109407379152
235,CASP10,0.1014465374199999,0.11145041265244113
236,CASP12,1.4311659000000002e-05,0.0
237,CASP3,1.1762604024219996,3.332596668226944
238,CASP4,1.4311659000000002e-05,2.564305053361292e-05
239,CASP5,0.016750934144,0.0
240,CASP7,0.015885609259,0.03657796707290159
241,CASP8,0.1600512924561199,0.41052345974621324
242,CASP9,0.0951285112609998,0.06593805937142702
243,CASQ1,0.0418825776059998,0.0
244,CASQ2,0.1182966801769999,0.0
245,CASR,0.10140180266,0.0
246,CASTOR1,0.136933963652,0.0
247,CASTOR2,0.027989189515,0.0
248,CAT,0.0220987384284599,0.07588678499859548
249,CBL,0.01911356382456,0.0419967921958077
250,CBLB,0.24364434428,0.0
251,CCKAR,0.0495148390909999,0.0
252,CCKBR,0.030335501121,0.0
253,CCL1,0.1133595957069999,0.0
254,CCL11,0.2727378246137997,0.0
255,CCL13,0.0622484776242,0.0
256,CCL14,0.2053134636249999,0.0
257,CCL15,0.1007426303647998,0.0
258,CCL16,0.247298632026,0.0
259,CCL17,0.3416113507842411,0.0
260,CCL18,0.040272456839,0.0
261,CCL19,0.1846545012297998,0.0
262,CCL2,0.1474852943035798,0.23736842417868237
263,CCL20,0.2249982019493795,0.0
264,CCL21,0.2378097875907999,0.0
265,CCL22,0.1975359047507078,0.0
266,CCL23,0.056665363456,0.0
267,CCL24,0.1005728317349999,0.0
268,CCL25,0.0355064529709999,0.0
269,CCL26,0.0980221896839999,0.0
270,CCL27,0.1540305600259999,0.0
271,CCL28,0.1104454326549999,0.0765549402505365
272,CCL3,0.2218593111003999,0.0
273,CCL3L1,0.1229329699500197,0.0
274,CCL3L3,0.1648953168485358,0.0
275,CCL4,0.1748688291948496,0.0
276,CCL4L1,0.1010255233284792,0.0
277,CCL4L2,0.1928708124422997,0.0
278,CCL5,0.1076123890509998,0.0
279,CCL7,0.2598162166682192,0.0
280,CCL8,0.061652220285,0.0
281,CCNA1,0.069006791515,0.0
282,CCNA2,1.4311659000000002e-05,5.0468069339367613e-05
283,CCNB1,0.0457728171212199,0.19313875453060422
284,CCNB2,0.0376270218487799,0.12259246962156845
285,CCND1,0.6123792600714789,2.4650418898998674
286,CCND2,0.3340427424224594,0.8568027175411769
287,CCND3,0.2998759452141195,0.7691666129951268
288,CCNE1,0.2152579188395998,0.2984108390737403
289,CCNE2,0.1571051159215997,0.10889696815260021
290,CCNG1,0.044579856492,0.19002965718983802
291,CCNG2,0.0227517459161999,0.024995347652191694
292,CCR1,0.5284468317682798,0.0
293,CCR10,0.3404265597335198,0.0
294,CCR2,0.6608717980601296,0.0
295,CCR3,0.3260930254843797,0.0
296,CCR4,0.3990125526401093,0.0
297,CCR5,0.5122799101292135,0.0
298,CCR6,0.3454118246791994,0.0
299,CCR7,0.6062013218719996,0.0
300,CCR8,0.4417692134866798,0.0
301,CCR9,0.4571886731619398,0.0
302,CD14,0.00746919369596,0.0
303,CD19,0.1079958466172998,0.0
304,CD209,0.0001429191305999,0.0
305,CD22,0.019267161144,0.0
306,CD247,0.0578375082199999,0.0
307,CD28,0.0802108712803998,0.0
308,CD36,0.2050126540439996,0.0
309,CD38,0.0129561145379999,0.0
310,CD3E,0.03834103134,0.0
311,CD4,0.0395906666,0.0
312,CD40,0.0378391611709999,0.09705553213243971
313,CD72,0.017433012144,0.0
314,CD79A,0.00571816138,0.0
315,CD79B,0.00413568076,0.0
316,CD80,1.4311659000000002e-05,0.0
317,CD82,0.024937396312,0.01728528594416878
318,CD86,0.019074329515,0.0
319,CD8A,0.0330360472,0.0
320,CD8B,0.02845952764,0.0
321,CDC25B,0.0660145669579997,0.17877076132628641
322,CDC37,0.043006443802,0.17387725713873142
323,CDC42,0.2601083263437798,1.0692725206205067
324,CDH1,0.0108089326895999,0.025918688600387377
325,CDK1,0.0302173819573,0.11569151945524146
326,CDK2,0.1231793629942,0.41895732689068527
327,CDK4,0.1037769788356599,0.4466628720847517
328,CDK6,0.04958737267046,0.1404916059466358
329,CDKN1A,0.5429506201823996,2.232001514044517
330,CDKN1B,0.2547244395200194,0.86636809674085
331,CDKN2A,0.020823786144,0.0
332,CDKN2B,0.1135876181735999,0.15746587456710073
333,CDKN2D,0.0073872270881,0.00512043562827257
334,CDON,0.01516573878,0.0
335,CEBPB,0.5239820519731995,0.5756531213392891
336,CER1,0.2400719370959999,0.0
337,CFLAR,0.0363868371831998,0.09333039465310589
338,CFTR,0.1620972470371998,0.0
339,CGA,0.1231288620111999,0.0
340,CHAD,0.05679800941338,0.0
341,CHD8,1.4311659000000002e-05,3.295381266941408e-05
342,CHEK1,0.022931556615,0.05038577979105497
343,CHEK2,0.0504553041989999,0.08120467946126589
344,CHRD,0.02017264330272,0.0
345,CHRM1,0.2861654394605758,0.0
346,CHRM2,0.2922338438049395,0.0
347,CHRM3,0.10900992354004,0.0
348,CHRM5,0.00010614249734,0.0
349,CHUK,0.7553471798099993,1.6596673879001311
350,CIR1,0.1468697296799999,0.3227057797196226
351,CISH,0.1581142520459998,0.0
352,CLEC1B,0.053431998268,0.0
353,CLEC4D,0.025925368385,0.0
354,CLEC4E,0.0073819886962,0.0
355,CLEC4M,0.0001429191305999,0.0
356,CLEC6A,0.021846956102,0.0
357,CLEC7A,0.0105133474031999,0.0
358,CLIP1,0.06004190452,0.16647150733394975
359,CNR1,0.0033125634906598,0.0
360,CNTF,0.7249786407679716,0.502516900814501
361,CNTFR,0.7058934814314972,0.0
362,COL1A1,0.3492843646609996,0.0
363,COL1A2,0.3795867599009996,0.0
364,COL2A1,0.1094584341761799,0.0
365,COL3A1,0.03203811821339,0.0
366,COL4A1,0.1179701915624597,0.5139617748664302
367,COL4A2,0.0912701901540698,0.4247678461283784
368,COL4A3,0.2304212220853198,0.253143586152856
369,COL4A4,0.2243184892824799,0.2464390489011981
370,COL6A1,0.1486214638628598,0.2662939152068142
371,COL6A2,0.1912756729965997,0.4404285132943742
372,COL6A3,0.0879190893196599,0.0
373,COL6A5,0.2342123824230998,0.0
374,COL6A6,0.1500140374541998,0.0
375,COL9A1,0.1040127890780797,0.0
376,COL9A2,0.0624478685805997,0.0
377,COL9A3,0.2011315575036799,0.0
378,COMP,0.0900756490781059,0.0
379,COP1,0.04014518386,0.09626394660351545
380,CPT1A,0.4755893804629992,0.9254542022258788
381,CPT1B,0.4448326729579993,0.0
382,CPT1C,0.3618769866699998,0.0
383,CPT2,0.1194843096,0.2140871431499766
384,CREB1,0.8421287470591988,1.6387068757137297
385,CREB3,0.6215264125843993,1.796442389720467
386,CREB3L1,0.8752272609861994,0.6066613083017875
387,CREB3L2,0.7269487283517994,2.0155298458747493
388,CREB3L3,0.7428859161319988,0.0
389,CREB3L4,0.6631264960323987,0.7285189174826178
390,CREB5,0.6582518491675997,1.7371643672785515
391,CREBBP,1.809429693723399,3.762603271877458
392,CRK,0.663696413879999,2.431492726564552
393,CRKL,0.8557356653079999,2.5635549501943715
394,CRTC2,0.4261220277525996,0.981182228899531
395,CSF1,0.3741904110339992,0.4110901838637226
396,CSF1R,0.8293437343019983,0.0
397,CSF2,0.2597388585652991,0.0
398,CSF2RB,0.5172802525557335,0.0
399,CSF3,0.5991105286093332,0.0
400,CSF3R,0.5754686147111491,0.0
401,CSH1,0.4435265160825274,0.0
402,CSH2,0.3140235805958156,0.0
403,CSN2,0.1181061924399998,0.0
404,CSNK1A1,0.042538331921,0.10570378386138206
405,CSNK1A1L,0.0900827182766598,0.0
406,CSNK1D,0.22824064502128,0.6328174383427342
407,CSNK1E,0.1931382944984259,0.5097030317254612
408,CSNK1G1,0.1370948592041999,0.22064566400305438
409,CSNK1G2,0.017845456789,0.047095183539342826
410,CSNK1G3,0.0521672639475998,0.10847877576841584
411,CSNK2A1,0.00019063187726,0.0006883560603191291
412,CSNK2A2,0.0001676919364,0.0005703533750095367
413,CSNK2A3,0.0001689191136,0.0002718648255626026
414,CSNK2B,0.0317030388081999,0.05102407259728651
415,CTBP1,0.7007589713599999,1.6135571612353772
416,CTBP2,0.7800170190799998,1.7138725650631104
417,CTF1,0.5439441777162478,0.59758375798854
418,CTLA4,1.4311659000000002e-05,0.0
419,CTNNA1,0.057575356666,0.23854245958728282
420,CTNNA2,0.037900784409,0.0
421,CTNNA3,0.073699882924,0.0
422,CTNNB1,0.3514142600167998,1.3298181999666303
423,CTNNBIP1,0.079741988144,0.05527293425425819
424,CTNND1,2.8623318000000003e-05,9.213490633771482e-05
425,CTNND2,0.045739559577,0.0
426,CTSB,9.6288196e-05,0.00030600907011509373
427,CTSD,0.2179595090999999,0.8887380596105591
428,CUL1,0.1005376936634599,0.37087143251913807
429,CUL3,0.1048536346978,0.24143441620139752
430,CX3CL1,0.06749269241,0.07414830127692286
431,CX3CR1,0.7585869838725195,0.0
432,CXCL1,0.2393213834877594,0.8767686416444401
433,CXCL10,0.1560173722249395,0.0
434,CXCL11,0.2301760655389999,0.0
435,CXCL12,0.1373529554514198,0.0
436,CXCL13,0.1538829787879997,0.0
437,CXCL14,0.0561665753789997,0.1092951090676758
438,CXCL16,0.074684156711,0.10353422531345353
439,CXCL2,0.1550511102122798,0.4990902702812824
440,CXCL3,0.1791483567835598,0.12417617840647163
441,CXCL5,0.2212670110637798,0.0
442,CXCL6,0.1930602505076599,0.0
443,CXCL8,0.3617070110495997,0.8988081570320919
444,CXCL9,0.2435048534349997,0.0
445,CXCR1,0.71025109199504,0.0
446,CXCR2,0.4312593966358998,0.0
447,CXCR4,0.3932940752927498,0.0
448,CXCR5,0.479470265815333,0.0
449,CXCR6,0.5183928357082538,0.0
450,CXXC4,0.1010681553179998,0.0
451,CYCS,0.0065818694059998,0.028504321277973924
452,CYLD,0.0197398939503999,0.04104795550881603
453,CYP17A1,0.001666224424,0.0
454,CYP27A1,0.0922650071,0.06395322953570834
455,CYP7A1,0.1352892259199999,0.0
456,CYP8B1,0.16276171634,0.0
457,CYSLTR2,0.056038845121,0.0
458,CYTH1,1.4311659000000002e-05,2.3033726584428705e-05
459,CYTH2,1.4311659000000002e-05,2.3033726584428705e-05
460,CYTH3,1.4311659000000002e-05,3.431785946200226e-05
461,CYTH4,1.4311659000000002e-05,0.0
462,DAAM1,0.0347181188369999,0.024064766186211606
463,DAAM2,0.010503617177,0.0
464,DAB2IP,0.0284092322069998,0.0
465,DAPP1,0.0378495043145998,0.0
466,DAXX,0.0356492086334,0.09653984660881351
467,DBI,0.15639162436,0.6752189792309357
468,DCHS1,0.006958085292,0.0
469,DCHS2,0.041526593933,0.0
470,DCN,0.009082114462,0.0
471,DDB2,0.02471369098,0.06141121505700772
472,DDIT3,0.048247536206,0.19754203750565003
473,DDIT4,0.0053774170619999,0.020817062366487355
474,DDX58,0.1384198508705,0.26935259263962885
475,DEFB4A,0.0533942395396,0.0
476,DEFB4B,0.0527481042159998,0.0
477,DEPDC5,0.0204083131759999,0.014145964737928713
478,DEPTOR,0.087971939,0.0
479,DHH,0.0993605220823997,0.0
480,DHX33,0.016816001318,0.044378391533087744
481,DHX58,2.8623318000000003e-05,3.144592889725511e-05
482,DIAPH1,0.02358045597774,0.07493995844140772
483,DISP1,0.0317200387739999,0.021986655443450173
484,DKK1,0.037360465803,0.0
485,DKK2,2.8623318000000003e-05,0.0
486,DKK4,0.003964620403,0.0
487,DLG1,0.1032304952796998,0.3142875591363479
488,DLG2,0.0813614327199998,0.0
489,DLG4,0.0375175065098999,0.052010307717953015
490,DLG5,0.163462090965,0.3591629237310668
491,DLL1,5.724663600000001e-05,0.0
492,DLL3,0.011253575521,0.0
493,DLL4,0.0026766676919999,0.0
494,DNM1L,0.047608402833,0.16192557506071675
495,DOCK2,0.1617284733991997,0.4761996211176864
496,DOCK4,0.01193178395728,0.016540964818078038
497,DRD1,0.1439216322009679,0.0
498,DRD2,0.1291239315429939,0.0
499,DRD5,0.1412202036157999,0.0
500,DTX1,0.022969816777,0.01592146373695608
501,DTX2,0.0247934306619998,0.0594520501808635
502,DTX3,0.012562545121,0.032222292036190515
503,DTX3L,0.0146030213769999,0.03362469933535336
504,DTX4,5.724663600000001e-05,0.0
505,DUSP1,0.07955743447,0.340240584513689
506,DUSP10,0.1271073160119999,0.13964165935040387
507,DUSP16,0.103263973404,0.264866862231515
508,DUSP2,0.2340839407879998,0.0
509,DUSP3,0.1607956417639996,0.5041738046976364
510,DUSP4,0.1743433901739998,0.0
511,DUSP5,0.1119545911359999,0.34084826471970353
512,DUSP6,0.09168277176,0.2014476394293791
513,DUSP7,0.1276948535119996,0.08851132768385775
514,DUSP8,0.12169032481,0.08434930554347546
515,DVL1,0.240150715660833,0.6337715063770711
516,DVL2,0.4153650223614998,1.0321433061554324
517,DVL3,0.2664300987659398,0.5854067611506394
518,E2F4,0.0765403845831999,0.28234825209894515
519,E2F5,0.0260262834656678,0.028592794843742286
520,EBAG9,0.1250498170199999,0.20125991645493485
521,ECSIT,0.0236230856425999,0.04912282562788273
522,EDAR,1.4311659000000002e-05,0.0
523,EDARADD,0.0004831727947599,0.0
524,EDN1,0.1706753210855194,0.0
525,EDN2,0.2343491234339998,0.881433950172645
526,EDN3,0.294059803122,0.0
527,EDNRA,0.0907036145986,0.0
528,EDNRB,0.1278156729204257,0.0
529,EEF2,0.011633344144,0.06611903940332634
530,EEF2K,0.1118843373523998,0.21771686757436326
531,EFCAB7,0.0220108342619999,0.0
532,EFNA1,0.4692873720199993,0.6505704375760973
533,EFNA2,0.4506562895047994,0.0
534,EFNA3,0.3638999702369992,0.0
535,EFNA4,0.2682104972959996,0.4805686982764729
536,EFNA5,0.4574958159579994,0.3171119349492589
537,EGF,0.4055030076430587,0.0
538,EGFR,2.932598939923198,12.007070522852842
539,EGLN1,0.0466983182119999,0.13497550010121262
540,EGLN2,0.0320404410739999,0.022208741394340096
541,EGLN3,0.0558025125561399,0.0
542,EGR1,0.1381230967139999,0.4330841708329692
543,EGR2,0.0183057277423999,0.0
544,EGR3,0.0239314615079999,0.0
545,EHHADH,0.0879264311399999,0.20245808962313125
546,EI24,0.0203223433,0.06771820400158883
547,EIF4B,0.0721266353622,0.345305671231184
548,EIF4E,0.016075294178,0.03342763450845721
549,EIF4E1B,0.0171568080229999,0.0
550,EIF4E2,0.013654562258,0.03144079150662992
551,EIF4EBP1,0.4266940912199998,1.6242803916538082
552,ELAVL1,0.2265699922393798,0.6281854052808592
553,ELF5,0.0658393679,0.0
554,ELK4,0.0898286880379997,0.2068381979995107
555,ELMO1,0.1232005363279998,0.0
556,ELOB,0.0139306524919998,0.059184310830904203
557,ELOC,0.018986602443,0.04717993466749179
558,ENAH,0.022956759918,0.07883321981484948
559,ENO1,0.088115843315,0.5858808808138389
560,ENO2,0.0263436371157999,0.09440292251228424
561,ENO3,0.0360671356599998,0.08962346524033941
562,ENO4,0.0297383565699999,0.0
563,EP300,1.7468352100874789,3.838189256160487
564,EPHA2,1.652623617244,6.561398183689111
565,EPO,0.4156786179657196,0.0
566,EPOR,0.5151183054687051,0.5659153005058126
567,ERBB2,0.7670240603557985,1.6853241168219804
568,ERBB3,1.011014313140999,0.7007817206594331
569,ERBB4,1.1365465005753983,0.0
570,ERBIN,1.4311659000000002e-05,4.487412401485036e-05
571,EREG,0.4024138251099994,1.4070429823357626
572,ESR1,6.289709933099997,0.0
573,ESR2,1.8015337833679987,0.0
574,ESRRB,5.9645552000000006e-05,0.0
575,ETS1,0.07990413532,0.2352728506327979
576,ETS2,0.0957324392999997,0.17152950462807445
577,EVC,0.000789725136,0.001642187254307158
578,EVC2,0.007489207377,0.0
579,EVL,0.022388921462,0.02459674424817838
580,EXOC2,0.0290448599979998,0.07449859498942987
581,EXOC7,2.8623318000000003e-05,5.95205165099122e-05
582,F2,0.1006832787179999,0.0
583,F2R,0.4045850350349319,0.0
584,F2RL3,6.059418556e-05,0.0
585,F3,0.048119311944,0.0
586,FABP1,0.1386225600399999,0.0
587,FABP3,0.1900041909399998,0.9248519451313894
588,FABP4,0.2235075366399998,0.0
589,FADD,0.1731147963639998,0.35998209903874656
590,FADS2,0.1064122001919998,0.14751863308053026
591,FARP2,0.0897796216107999,0.14449472678440922
592,FAS,0.011181099058,0.039094797401802744
593,FASLG,0.0503752817256,0.0
594,FASN,0.004276885944,0.016374662573260743
595,FAT4,0.004570909521,0.00633662609415152
596,FBP1,0.01708794558,0.0
597,FBP2,0.0002251484246,0.0
598,FBXO25,0.0142638695245999,0.0
599,FBXO32,0.0158710027716,0.0
600,FBXW11,0.020154239511,0.04640685145866021
601,FCER1A,0.054502286296,0.0
602,FCER1G,0.1210291084811999,0.0
603,FCGR2B,2.8623318000000003e-05,0.0
604,FFAR2,0.0663175858901998,0.0
605,FGF1,0.5213894898499996,0.0
606,FGF10,0.4514788840839998,0.0
607,FGF17,0.4234132731579998,0.0
608,FGF18,0.3111280549279999,0.0
609,FGF19,0.2832454335539995,0.0
610,FGF2,1.3307534772,5.2059382173599
611,FGF20,0.5724871494999997,0.0
612,FGF21,0.4713755582029998,0.0
613,FGF22,0.4160913856079997,0.0
614,FGF23,0.2996168838133997,0.0
615,FGF3,0.3820449121565995,0.0
616,FGF4,0.4431894710869997,0.0
617,FGF5,0.4512243966951997,0.49572066715620045
618,FGF6,0.4190671618739996,0.0
619,FGF7,0.3352231483739997,0.0
620,FGF8,0.3357082890799995,0.0
621,FGF9,0.3827203825847997,0.0
622,FGFR1,1.1222646463169976,3.612430539134045
623,FGFR2,1.9019837679579972,2.08954274032593
624,FGFR3,0.8818643087469988,0.0
625,FGFR4,0.746609930562399,1.55253170504215
626,FGR,0.7514069146919997,0.0
627,FLCN,0.0187026901299999,0.03639375453860344
628,FLNB,0.000304699496,0.001198025288650983
629,FLNC,0.023419217192,0.08753329658251793
630,FLOT1,0.008901716488,0.03499999706276316
631,FLOT2,0.01067101064,0.03853214346599311
632,FLT1,0.725200568482399,0.0
633,FLT3,0.5514684539047994,0.0
634,FLT3LG,0.3835253639859997,0.0
635,FLT4,0.614016399837199,0.0
636,FMOD,0.057039411318,0.0
637,FN1,0.1220830604892,0.5904280965891808
638,FNIP1,0.030760984888,0.06396566983909285
639,FNIP2,0.0618114045955999,0.08568880164378023
640,FOS,1.4046042176645983,3.803738734115628
641,FOSB,1.1477523108435994,1.2609347930399986
642,FOSL1,0.951933946078599,4.1949056423087745
643,FOXO1,0.9196883392619086,0.0
644,FOXO3,0.7673388093836312,1.2349841715040595
645,FPR1,7.707358656400001e-05,0.0
646,FRAT1,0.0121300071769999,0.0
647,FRAT2,0.0022306850359999,0.0015461930434205909
648,FRMD1,0.026845000398,0.0
649,FRMD6,0.0055787309569999,0.015467526535787864
650,FRS2,0.063365191378,0.13176421124790613
651,FSHB,0.0409229044957999,0.0
652,FSHR,0.07548782031868,0.0
653,FST,0.028968337377,0.0
654,FXYD1,0.2468239776552998,0.0
655,FXYD2,0.1434893828529997,0.31527839859141726
656,FYB1,4.2934380000000005e-05,0.0
657,FYN,0.5068152002499999,0.0
658,FZD1,0.5646434818462,1.011705305335828
659,FZD10,0.4379599935813998,0.0
660,FZD2,0.3967213679007996,1.0743413801253041
661,FZD3,0.4241198601339998,0.0
662,FZD4,0.4882696909653994,0.3384427596455424
663,FZD5,0.4305014758417997,0.5968017684132777
664,FZD6,0.5095588509909998,1.5003649430371637
665,FZD7,0.4059204527889994,0.8440878521469339
666,FZD8,0.6221731805501995,0.0
667,FZD9,0.4650332576569999,0.0
668,G6PC2,0.3137467553361996,0.0
669,G6PC3,0.1688662317753793,0.4572982329186883
670,GAB1,0.5690584769599998,0.6251746357590142
671,GAB2,0.4297733376599997,0.5957923545577323
672,GABARAP,0.014302021583834,0.04420815588447784
673,GABARAPL1,0.0546384882711599,0.17131866394133455
674,GABARAPL2,0.1276859596439999,0.38874276911840516
675,GABBR1,0.0955163777612075,0.10493546637752792
676,GABBR2,0.0772463575119599,0.0
677,GADD45A,0.07766514416562,0.3126295193782676
678,GADD45B,0.05299733998662,0.14351945720864848
679,GADD45G,0.0363805996853998,0.0
680,GALT,0.013667552216,0.009473625283676233
681,GAPDH,0.0528235640699998,0.39517266882250474
682,GAS1,0.1109606309769998,0.0
683,GATA4,0.0342376901035999,0.023731758364195412
684,GCG,0.1405928140679996,0.0
685,GCGR,7.539469484e-05,0.0
686,GCK,0.0892946839083999,0.0
687,GDF5,0.10012454632438,0.0
688,GDF6,0.0419105138933999,0.0
689,GDF7,0.0192647285773999,0.0
690,GDNF,0.2627808002915997,0.0
691,GFAP,0.1484776879959999,0.10291689081048656
692,GH1,0.3316358941531399,0.0
693,GH2,0.2363542851734538,0.0
694,GHR,0.668863617994645,0.0
695,GHRL,0.2461784671229998,0.0
696,GHSR,0.0769365760091999,0.0
697,GIP,0.07733134701,0.0
698,GIPR,0.03888160037732,0.0
699,GK2,0.1413941545799999,0.0
700,GLI1,0.3169380460890995,0.0
701,GLI2,0.5101882439733997,0.707271085729983
702,GLI3,0.2538374787719997,0.45481570623470585
703,GLP1R,0.075844659127192,0.0
704,GNA11,0.4347604978954998,0.9040590400053111
705,GNA12,0.2315337468741999,0.6692186029650667
706,GNA13,0.4044002150931995,1.1212354756387466
707,GNA14,0.3138465028779998,0.0
708,GNA15,0.277073066404,0.0
709,GNAI1,1.234388307706512,3.6345810486383523
710,GNAI2,1.5498080879537184,4.4795215275804825
711,GNAI3,1.2563994545325992,2.022096915286289
712,GNAL,0.1021553108799998,0.0
713,GNAO1,0.4265536495642389,0.0
714,GNAQ,0.8152642180384,2.260392376578902
715,GNAS,0.7161708214291604,2.605133068030591
716,GNB1,0.7181362708119395,2.9282275340625015
717,GNB2,0.6051577277581986,2.7025788094618997
718,GNB3,0.750210084534213,0.8241900179520278
719,GNB4,0.7617171672033201,1.3648139472101184
720,GNB5,0.7755331670282395,1.0751172563126987
721,GNG10,0.7058397169087791,1.8627514784416725
722,GNG11,0.7869402697681793,2.6498606888388214
723,GNG12,0.5893116235763795,2.742632930011425
724,GNG13,0.5930861924330313,0.0
725,GNG2,0.7087350451046189,0.0
726,GNG3,0.9078582006790188,0.0
727,GNG4,0.6448541004385148,0.0
728,GNG5,0.8098117382081513,2.924163711365369
729,GNG7,0.8579501416348395,0.0
730,GNG8,0.6449857741214154,0.0
731,GNGT1,0.7704748996841995,0.0
732,GNGT2,0.5767328822071451,0.0
733,GNRH1,1.4311659000000002e-05,0.0
734,GNRH2,0.001349802944,0.0
735,GNRHR,0.0014268167546799,0.0
736,GPER1,6.968571384e-05,0.0
737,GPR161,2.8623318000000003e-05,3.968034433994147e-05
738,GPRC6A,0.0667771470979999,0.0
739,GRAP2,2.8623318000000003e-05,0.0
740,GRB10,0.133465516,0.35222314825068257
741,GRB2,0.8844610716300986,3.037228002842979
742,GREM1,0.0501070607905999,0.0
743,GREM2,0.1152856143571399,0.0
744,GRIA1,0.0004369301833999,0.0
745,GRIA2,0.0041676984544,0.0
746,GRIA4,0.0254709827055999,0.017655139848477698
747,GRIN1,0.0638797322340598,0.0
748,GRIN2A,0.092584670818,0.0
749,GRIN2B,0.000183095124,0.00012691186897487356
750,GRIN2C,0.01356560601966,0.0
751,GRIN2D,0.0058967253128,0.0
752,GRIN3A,0.0385421902985799,0.0
753,GRIN3B,0.0031225717130999,0.0
754,GRK1,0.0290455831959999,0.0
755,GRK2,0.2855510140079998,0.45957662787847575
756,GRK3,0.1416733173999997,0.0
757,GRK4,0.3920849619079998,0.0
758,GRK5,0.1505339310119999,0.10434216985957305
759,GRK6,0.0922484198289999,0.14846810423493007
760,GRK7,0.2416097823629996,0.0
761,GRM1,0.1615731702214136,0.0
762,GRM2,0.1168882992843796,0.0
763,GRM3,0.0721020948693598,0.0
764,GRM4,0.0441176879684028,0.0
765,GRM5,0.1001561124364799,0.0
766,GRM6,0.134876911995072,0.0
767,GRM7,0.0400629602322598,0.0
768,GRM8,0.0802105867679199,0.0
769,GSDMD,0.0173242993092,0.027882384114582374
770,GSK3A,0.02212583233,0.04305488168724317
771,GSK3B,0.3441614795091396,0.7924610923005206
772,GTF2I,2.8623318000000003e-05,8.10959665087645e-05
773,GTF2IRD1,2.8623318000000003e-05,8.574779750879889e-05
774,GTSE1,0.01038991314,0.02392365911366696
775,GYS1,0.1844085309392,0.35884243192697
776,GYS2,0.1497815383939999,0.0
777,HAMP,0.005475363721,0.0
778,HBEGF,0.0406152808059999,0.07277281397950679
779,HCAR1,0.1282090115724,0.0
780,HCAR2,0.0591719684831999,0.0
781,HCAR3,0.1140148656879999,0.0
782,HCK,0.2157677111445996,0.0
783,HDAC1,2.4108034279599995,8.278668124143566
784,HDAC2,2.23984427378,5.157432035433903
785,HDAC3,1.4918867217999998,3.5773881177548774
786,HDAC4,0.4130796228799999,0.2863249759460374
787,HDAC5,0.0342209167293998,0.0
788,HES1,0.0114978963139999,0.015939468824839237
789,HES5,0.0225396246199999,0.0
790,HEY1,0.1042681032999998,0.0
791,HEY2,0.03621295006,0.0
792,HEYL,0.0151496150319999,0.0
793,HGF,0.4243985668839994,0.0
794,HHAT,2.4452776e-05,5.630459749992257e-05
795,HHATL,2.4452776e-05,0.0
796,HHIP,0.1411721222411999,0.0
797,HIF1A,1.223065549995958,5.7710334171758415
798,HJV,0.0474338982069999,0.0
799,HK1,0.010027896099,0.03227855232736124
800,HK2,0.0824682528009999,0.16047581010032497
801,HK3,0.0336138519921999,0.0
802,HKDC1,0.0276258164221999,0.1283050903726155
803,HMGCR,0.0611050411979999,0.16941914809757172
804,HMGCS1,0.1278227120699999,0.3461503211265931
805,HMGCS2,0.1016611053799998,0.0
806,HMOX1,0.0339576803519999,0.08142696119125867
807,HNF4A,0.010508891875,0.0
808,HOMER1,0.0721871568109998,0.11618074696244855
809,HOMER2,0.166272931025,0.11525161334341699
810,HOMER3,0.1365685054479999,0.3502913002983297
811,HRAS,0.9031029583791176,2.244126546719485
812,HRC,0.035620923006,0.0
813,HRH1,0.0161313330059999,0.017722080672988968
814,HRH2,4.8906596474e-05,0.0
815,HSP90AA1,0.1885793142918,1.1574483591698117
816,HSP90AB1,0.1774733173259998,1.1559245542911967
817,HSP90B1,0.0804415278479999,0.4907189768606036
818,HSPA1A,0.0312001969125998,0.03427691973704696
819,HSPA1B,0.0374126536836,0.06703447650654017
820,HSPA1L,0.0704602274719999,0.0
821,HSPA2,0.030754262656,0.021317230450206413
822,HSPA6,0.021461421969,0.0
823,HSPA8,0.2097853436999996,1.2295070522420093
824,HSPB1,0.006314769547,0.03282731074320734
825,HTR1A,0.0782760737579997,0.0
826,HTR1B,0.0327042134619999,0.0
827,HTR1D,0.1100918656083996,0.0
828,HTR1E,0.0038535739445199,0.0
829,HTR1F,0.0566733387738,0.0
830,HTR2A,0.0746191948619998,0.0
831,HTR2B,0.0095243864919999,0.0
832,HTR4,0.0343317989920199,0.0
833,HTR5A,0.040025021985088,0.0
834,HTR6,0.1080481091514903,0.0
835,HTR7,0.1858551374534397,0.0
836,IBSP,0.0732498535366799,0.0
837,ICAM1,0.04759299500776,0.0
838,ICOS,0.0577633899381999,0.0
839,ID1,0.0442917772429999,0.09210216155392358
840,ID2,0.0309575902649999,0.10086281766788371
841,ID3,0.010581077121,0.020589825357690873
842,ID4,0.0411168472059998,0.0
843,IFI16,0.0567058219149999,0.18895539553835458
844,IFIH1,0.0085021447209999,0.011786475284147406
845,IFNA1,0.3460073635730616,0.0
846,IFNA10,0.4968641779508911,0.0
847,IFNA13,0.4550981672393325,0.0
848,IFNA14,0.7030154040580936,0.0
849,IFNA16,0.3134331115782997,0.0
850,IFNA17,0.3655236127800391,0.0
851,IFNA2,0.315930389294924,0.0
852,IFNA21,0.5772461837163895,0.0
853,IFNA4,0.3554679954884596,0.0
854,IFNA5,0.341421242122039,0.0
855,IFNA6,0.2752257214110537,0.0
856,IFNA7,0.2598008318030391,0.0
857,IFNA8,0.5123802785849194,0.0
858,IFNAR1,0.5012651322797993,1.0423515394582525
859,IFNAR2,0.4114066613733914,0.7371417812192739
860,IFNB1,0.4699063939804076,0.0
861,IFNE,0.4257935708753196,0.0
862,IFNG,0.6353347021819873,0.0
863,IFNGR1,0.7844450761294586,1.8810171398207867
864,IFNGR2,0.7376349523075588,1.9466609274676647
865,IFNK,0.2040699313056494,0.0
866,IFNL1,0.2576498062250881,0.0
867,IFNL2,0.1602901455060274,0.0
868,IFNL3,0.4592226579842396,0.0
869,IFNLR1,0.5461874152953194,0.3785882669692746
870,IFNW1,0.3990140464197997,0.0
871,IGF1,0.3367911647631992,0.0
872,IGF1R,0.8310891734479989,1.8260895578579874
873,IGF2,0.2984550171819994,0.0
874,IGFBP3,0.02862707996,0.05129284159467869
875,IHH,0.1605213020389998,0.0
876,IKBKB,0.7147950481449995,1.1504182501047202
877,IKBKE,0.1422171430632999,0.1562415010286119
878,IL10,0.4864638692416997,0.0
879,IL10RA,0.6106677774527074,0.0
880,IL10RB,0.5644530948731534,1.098375005979351
881,IL11,0.2517899810390412,0.0
882,IL11RA,0.4511210314157232,0.0
883,IL12A,0.5183345760091393,0.0
884,IL12B,0.444167151648719,0.0
885,IL12RB1,0.4568534638402441,0.0
886,IL12RB2,0.5613194752310572,0.0
887,IL13,0.381001375260197,0.0
888,IL15,0.3438081600658194,0.23830965680312508
889,IL15RA,0.4566932873895553,0.31655566453472306
890,IL17A,0.021489949913,0.0
891,IL17B,1.4311659000000002e-05,0.0
892,IL17C,0.0455537256589999,0.0
893,IL17D,0.3249048564076896,0.0
894,IL17F,2.8623318000000003e-05,0.0
895,IL17RA,0.3434374220489999,0.37730457225152736
896,IL17RB,0.137843229543848,0.0
897,IL17RC,0.1500855358435996,0.1648858140291166
898,IL17RE,0.01973508771068,0.013679320404761067
899,IL18,0.0553478972306,0.14988488422591079
900,IL19,0.2475810169364057,0.0
901,IL1A,0.0589642322569999,0.0
902,IL1B,0.0856375983717598,0.0
903,IL1R1,0.1178947467531198,0.12952061755239214
904,IL1RAP,0.0012469235746,0.0008643015601077186
905,IL2,0.4907061865945389,0.0
906,IL20,0.2735466568137575,0.0
907,IL20RA,0.6375691817242208,0.0
908,IL20RB,0.5500405665141792,0.0
909,IL21,0.3568939671983213,0.0
910,IL21R,0.5379610553232946,0.0
911,IL22,0.3221759603228797,0.0
912,IL22RA1,0.8420403424502798,0.0
913,IL22RA2,0.5913913963727454,0.0
914,IL23A,0.5807139703785197,0.0
915,IL23R,0.4863518473533155,0.0
916,IL24,0.2454137972501055,0.0
917,IL25,0.0400401842879999,0.0
918,IL27RA,0.3296545468522012,0.7904770795533822
919,IL2RA,0.4015438864090054,0.0
920,IL2RB,0.6643208761575351,0.0
921,IL3,0.2973547876873712,0.0
922,IL4,0.4738455746878392,0.0
923,IL4R,0.5406865349085711,1.1243260417158074
924,IL5,0.3086650545103554,0.0
925,IL5RA,0.7371527580197466,0.0
926,IL6,0.5697041655451818,0.6258839971733479
927,IL6R,0.555433222646162,0.7699939445330231
928,IL6ST,0.5931719174972322,1.6805825919725712
929,IL7,0.3814637708499914,0.4190807863374764
930,IL7R,0.7183652784251422,0.0
931,IL9,0.3158035175575694,0.0
932,ILK,0.1502524538199998,0.2082941294750925
933,INHBA,0.1174254569269998,0.36818684099744536
934,INHBB,0.0630654775117399,0.0
935,INHBC,0.088521013586,0.0
936,INHBE,0.074479947869,0.0
937,INPP5D,1.4311659000000002e-05,0.0
938,INPPL1,1.4311659000000002e-05,4.2139806616138206e-05
939,INS,0.5425284668759999,0.0
940,INSL3,1.4311659000000002e-05,0.0
941,INSL5,0.000934553084,0.0
942,INSR,0.9367186802963984,0.0
943,INVS,0.0237135388329999,0.03287394516638531
944,IQCE,0.0244781508179999,0.039396063952768824
945,IRAK2,0.03402603148132,0.060966464106907016
946,IRAK3,0.0247536433454,0.0
947,IRAK4,0.0365714407047,0.06552722518595856
948,IRF1,0.1163631061145998,0.18727919458942918
949,IRF3,0.3653875360977398,0.8413358937844795
950,IRF5,0.1388202952231998,0.27013182136967934
951,IRF7,0.3646424544421995,0.0
952,IRF9,0.1115657160131996,0.0
953,IRS1,1.3767653497851997,1.512531331886469
954,IRS2,0.7801046865299998,1.0814547280197384
955,ISG15,1.4311659000000002e-05,3.144592889725511e-05
956,ITCH,0.0203512133311998,0.048800078242595184
957,ITGA1,0.4015825340307997,0.2783558012255671
958,ITGA10,0.7286162055562996,0.0
959,ITGA11,0.6845969008741993,0.0
960,ITGA2,0.6151298134102999,0.8527509916874292
961,ITGA2B,0.4356786510075197,0.0
962,ITGA3,0.2791596678052996,1.4236770178428033
963,ITGA4,0.5131172683221995,0.9984801000837064
964,ITGA5,0.3362046985673,0.8872634740051216
965,ITGA6,0.3391223785111595,0.8131799483320491
966,ITGA7,0.4236237742868799,0.7590319089686454
967,ITGA8,0.43585579142656,0.0
968,ITGA9,0.5190453051511597,0.0
969,ITGAL,0.0222354256359998,0.0
970,ITGAM,0.036064936892,0.0
971,ITGAV,0.4947040488097604,1.9913577792898929
972,ITGB1,0.4482705151623398,2.5447213513925737
973,ITGB2,0.024186251098,0.047064271479198415
974,ITGB3,1.011365432739978,1.4020501964390093
975,ITGB4,0.6963697049017996,1.5300806305226047
976,ITGB5,0.4897436618906599,1.556431720560241
977,ITGB6,0.4347028214931995,1.6736700256286376
978,ITGB7,0.6006091512985999,0.0
979,ITGB8,0.6735449800210997,0.9337316077638599
980,ITK,0.2379292893337998,0.0
981,ITPR1,0.0427172135496999,0.0469296557433602
982,ITPR2,0.0006038912003999,0.0017109526073311233
983,ITPR3,0.02114945742368,0.07636895465387249
984,JAG1,0.0807228187515999,0.08868308065643617
985,JAG2,0.075012155803,0.05199446430257278
986,JAK1,1.1304856635048952,4.995435956427312
987,JAK2,1.3076340744325587,0.9063828718970417
988,JAK3,1.1296120003271948,0.0
989,JMJD7-PLA2G4B,0.1149130327781997,0.0
990,JUN,1.4535659610413991,5.1679329218355345
991,JUND,0.7738090986829995,2.1923662641407877
992,KAT2A,0.5293211004799997,1.3576818165670088
993,KAT2B,0.4761903284239994,0.6601399671140191
994,KCNJ12,1.4311659000000002e-05,0.0
995,KCNJ14,0.011877940544,0.0
996,KCNJ18,1.4311659000000002e-05,0.0
997,KCNJ2,1.4311659000000002e-05,0.0
998,KCNJ3,0.1694042372701519,0.0
999,KCNJ4,1.4311659000000002e-05,0.0
1000,KCNJ5,0.19315187998796,0.0
1001,KCNJ6,0.016089598094472,0.0
1002,KCNJ8,0.0005044400688,0.0016237299425551717
1003,KCNJ9,0.024889877006634,0.0
1004,KCNMA1,0.013831980151,0.03547832860072818
1005,KCNMB1,0.0121377417799999,0.0
1006,KCNMB2,0.0907114860619999,0.0
1007,KCNMB3,0.05252147478,0.0
1008,KCNMB4,0.027353086292,0.0
1009,KCNU1,0.034863305207,0.0
1010,KDR,0.8965581681115984,0.0
1011,KIDINS220,0.0604507851039999,0.13919307664025668
1012,KIF3A,0.0328389194551998,0.036077240460064774
1013,KIF7,0.021048806586,0.0
1014,KIT,4.566960081939997,0.0
1015,KITLG,0.2631772301439994,0.745637240295733
1016,KLF2,0.2429852075288597,0.0
1017,KLF4,0.0080964609389999,0.0
1018,KNG1,5.726698440000001e-05,0.0
1019,KRAS,0.967811853408939,2.683344230011605
1020,KRIT1,0.00042209144484,0.0011958751139326564
1021,KRT10,0.1808131962999999,0.35184623376330043
1022,KRT12,0.2901305307599999,0.0
1023,KRT13,0.1128985671199998,0.0
1024,KRT14,0.3146777872,0.0
1025,KRT15,0.1456293359799999,0.0
1026,KRT16,0.1220541625799998,0.0
1027,KRT17,0.212065635272,0.0
1028,KRT18,0.2111310030199999,1.086795671929534
1029,KRT19,0.3433091043599999,1.8914231754191806
1030,KRT20,0.24523049398,0.0
1031,KRT23,0.1521274249599999,0.0
1032,KRT24,0.1823888363759999,0.0
1033,KRT25,0.2974293928799999,0.0
1034,KRT26,0.07151271475,0.0
1035,KRT27,0.2006793588199998,0.0
1036,KRT28,0.1682911450199999,0.0
1037,KRT31,0.2646976047999999,0.0
1038,KRT32,0.1382068214599997,0.0
1039,KRT33A,0.1272270839199998,0.0
1040,KRT33B,0.104349161754,0.0
1041,KRT34,0.1529840232799997,0.0
1042,KRT35,0.2124111355599999,0.0
1043,KRT36,0.3489888053799999,0.0
1044,KRT37,0.2337405363999999,0.0
1045,KRT38,0.2332632120799999,0.0
1046,KRT39,0.15071149258,0.0
1047,KRT40,0.230173035526,0.0
1048,KRT9,0.1632087794199999,0.0
1049,KSR1,0.0004787781392,0.0
1050,KSR2,0.005290866515,0.0
1051,LAMA1,0.1895396168125998,0.5132827974261966
1052,LAMA2,0.1330191040806599,0.0
1053,LAMA3,0.1822166056411996,0.5365256763013475
1054,LAMA4,0.2319218279251998,0.0
1055,LAMA5,0.2697299606447899,0.5248702679229869
1056,LAMB1,0.3537099297057997,1.6393496646321366
1057,LAMB2,0.1810702645555598,0.4644360587271736
1058,LAMB3,0.1599554001333199,0.17572896822528986
1059,LAMB4,0.1734925873747998,0.0
1060,LAMC1,0.2329623138436598,1.0376950527984672
1061,LAMC2,0.1766752343572799,0.6177462928540915
1062,LAMC3,0.2078566853830998,0.0
1063,LAMTOR1,0.0941710792573999,0.2952728743193829
1064,LAMTOR2,0.2088887711249998,0.6549695336349848
1065,LAMTOR3,0.2730415326289796,0.5999335661259434
1066,LAMTOR4,0.1690215118109999,0.5748755234161519
1067,LAMTOR5,0.2652808847893999,0.8932792171264685
1068,LAT,0.1633897485429,0.11325314353490956
1069,LATS1,0.042453436439,0.05885295954554739
1070,LATS2,0.051108794924,0.15560187291112298
1071,LCK,0.3030320955599999,0.0
1072,LCN2,0.1183306504239998,0.0
1073,LCP2,0.0859163595908198,0.0
1074,LDHA,0.0349191696154,0.1841287659674168
1075,LDHAL6A,0.014120349358,0.0
1076,LDHAL6B,0.0548410368399999,0.0
1077,LDHB,0.0477992441319998,0.30001881447656836
1078,LDHC,0.070550996424,0.0
1079,LEF1,0.6118466676630135,0.0
1080,LEFTY1,0.0025636222919999,0.0
1081,LEFTY2,0.055461192606,0.0
1082,LEP,0.2282659679410354,0.0
1083,LEPR,0.5739702425937935,0.6305707618433577
1084,LFNG,0.016929336121,0.06018968236010006
1085,LGR4,0.1051967193179999,0.20470336376821913
1086,LGR5,5.724663600000001e-05,0.0
1087,LGR6,0.0093369903209999,0.0
1088,LHB,0.0006225837445999,0.0
1089,LHCGR,0.2666359286591997,0.0
1090,LIF,0.3749424714434652,1.4592087209874418
1091,LIFR,0.6171804580389934,0.6780420355274508
1092,LILRA1,1.4311659000000002e-05,0.0
1093,LILRA2,1.4311659000000002e-05,0.0
1094,LILRA3,1.4311659000000002e-05,0.0
1095,LILRA4,0.003635283515,0.0
1096,LILRA5,1.4311659000000002e-05,0.0
1097,LILRA6,1.4311659000000002e-05,0.0
1098,LILRB1,0.003905073515,0.0
1099,LILRB2,1.4311659000000002e-05,0.0
1100,LILRB3,0.035914787515,0.0
1101,LILRB4,1.4311659000000002e-05,0.0
1102,LILRB5,1.4311659000000002e-05,0.0
1103,LIMD1,0.057878775947,0.06358633450844241
1104,LIPE,0.0966045666727998,0.0
1105,LLGL1,0.1041505623809999,0.16762386369731402
1106,LLGL2,0.0572908132972,0.0397109657089404
1107,LPAR1,0.3396094318297397,0.6084984153200957
1108,LPAR2,0.2424345734203396,0.16804284103656145
1109,LPAR3,0.2557877872325186,0.0
1110,LPAR5,0.3735024848166891,0.0
1111,LPAR6,0.4237202725324401,0.0
1112,LPIN1,0.1081905453999999,0.22497591452175805
1113,LPIN2,0.0946744658,0.2179960136382546
1114,LPIN3,0.0708427878,0.12693323586716374
1115,LPL,0.14248974116,0.0
1116,LRP2,0.0553219905479999,0.0
1117,LRP5,0.2624575826859998,0.5457652003661383
1118,LRP6,0.3729343828019997,0.8587131505048196
1119,LSP1,0.1097668220821594,0.0
1120,LTA,0.0356754380369997,0.0
1121,LTB,0.0296887838029999,0.0
1122,LTB4R2,5.724663600000001e-05,0.0
1123,LTBP1,0.0645085631209999,0.0
1124,LTBR,0.1194509638239996,0.402226732372419
1125,LY96,0.0169601293216,0.0
1126,LYN,0.6350405962129995,0.8803531976122945
1127,MAGI1,5.724663600000001e-05,3.968034433994147e-05
1128,MAGI2,0.020083835921,0.0
1129,MAGI3,0.0822350720589999,0.0903444607235248
1130,MALT1,0.3028922849563595,0.9073841934542781
1131,MAML1,0.063404469292,0.06965692912067101
1132,MAML2,0.0498638693495999,0.06912600090296929
1133,MAML3,0.0286741901679998,0.0
1134,MAP2K1,0.2483117005183198,0.7891479509524583
1135,MAP2K2,0.2006770929362996,0.4620760827005042
1136,MAP2K3,0.2625422903835798,0.7865064124748735
1137,MAP2K4,0.3479408406746331,0.7645041665893296
1138,MAP2K5,0.0685950247439999,0.07535933712525135
1139,MAP2K6,0.1679158867531396,0.0
1140,MAP2K7,0.55447948600028,0.7686717847988435
1141,MAP3K1,0.4820373068723996,0.6682456003666258
1142,MAP3K11,0.0470019217809999,0.06515849912679833
1143,MAP3K12,0.0247372560788,0.044323212821909166
1144,MAP3K13,0.0007805691139999,0.0005410492806012052
1145,MAP3K14,0.1897065603337998,0.4168279168473413
1146,MAP3K2,0.08279070909464,0.16110328107474597
1147,MAP3K20,0.0769516434,0.20307979854070965
1148,MAP3K3,0.1113208954219998,0.17916406953827815
1149,MAP3K4,0.0363064963358199,0.06505250860419899
1150,MAP3K5,0.1958038878657998,0.35083347019521505
1151,MAP3K6,0.03201194615332,0.04437798044082109
1152,MAP3K7,0.5383638523477992,1.2909401365903077
1153,MAP3K8,0.1377652002384,0.09549156012452326
1154,MAP4K1,0.021241336833,0.0
1155,MAP4K2,0.002223198761,0.002442433478986316
1156,MAP4K3,0.010865108016,0.027868451824389393
1157,MAP4K4,0.001342515698,0.0038803694580314568
1158,MAPK1,4.786195000114998,12.961256332575813
1159,MAPK10,1.5789884245709986,1.0944713746281776
1160,MAPK11,1.283306820216599,2.954923153968331
1161,MAPK12,1.2379839398107986,1.7162101549166962
1162,MAPK13,1.3532466081343992,3.1159654670350228
1163,MAPK14,2.24450773794,4.931687565823091
1164,MAPK15,0.131261893448,0.0
1165,MAPK3,4.592471279895797,11.411862422373474
1166,MAPK4,0.0314167695782,0.0
1167,MAPK6,0.0698739904339998,0.1937318378551982
1168,MAPK7,0.3505446874999998,0.3851127014148221
1169,MAPK8,1.5201240584679974,3.50021499653002
1170,MAPK8IP1,0.1051015594128799,0.07285084957949128
1171,MAPK8IP2,0.017296420061,0.0
1172,MAPK8IP3,0.1792611723169999,0.3938770535770153
1173,MAPK9,1.413888630165998,2.2755659653486737
1174,MAPKAP1,0.011479048292,0.033178716990723
1175,MAPKAPK2,0.1163737304089999,0.4321622345450397
1176,MAPKAPK3,0.0587376498859999,0.17294942586896933
1177,MAPKAPK5,0.1036638072399999,0.18574060823850164
1178,MAPT,0.5234121220000001,0.0
1179,MATK,0.049050600504,0.0
1180,MAVS,0.0845545586437599,0.19469406627781238
1181,MAX,0.033171276728,0.07954124765875781
1182,MC2R,0.0292973854375998,0.0
1183,MCL1,0.3739735624455999,1.6195797752688117
1184,MDM2,0.1428088173951998,0.45968384989142597
1185,MDM4,0.0948966076349999,0.1315546320538071
1186,ME1,0.1414813114199999,0.4238401307256365
1187,ME3,0.14836594516,0.3085183097362964
1188,MECOM,0.070384907006,0.07732572377355373
1189,MED1,0.5931857714099996,1.6446601800044698
1190,MED12L,0.6301107580239997,0.0
1191,MED13,0.5827996201999996,1.2805416491656536
1192,MED13L,0.4917764802999996,1.1323571926238591
1193,MED16,0.4836211714599997,0.9410833458420332
1194,MED17,0.5272035109599997,0.730859254406456
1195,MED24,0.5771619022959997,1.4803910504454028
1196,MED27,0.3957369843999996,0.8229119249404643
1197,MED30,0.5456167238399998,1.0617211204145658
1198,MED4,0.5952931958799993,1.650503201322963
1199,MEF2A,0.1846129842199999,0.3838919085205518
1200,MEF2B,0.1834834636139997,0.0
1201,MEF2C,0.3783484771299993,0.0
1202,MEF2D,0.0739228028393999,0.13245188197937333
1203,MEFV,0.0371352789989999,0.0
1204,MEGF8,0.007801185659,0.013977848275719355
1205,MET,0.6945240975499993,3.401667767005376
1206,MFN1,1.4311659000000002e-05,3.295381266941408e-05
1207,MFN2,1.4311659000000002e-05,4.662876664124399e-05
1208,MFNG,0.0268086094329999,0.0
1209,MGRN1,1.4311659000000002e-05,3.144592889725511e-05
1210,MIOS,0.011197528916,0.02328460679209158
1211,MKNK1,0.0694287060859999,0.07627522969240587
1212,MKNK2,0.0654600444529999,0.17275281011063
1213,MLKL,2.8623318000000003e-05,6.590762533882816e-05
1214,MLST8,0.16300475848,0.4414250689823812
1215,MLYCD,0.196078105458,0.1359109859677483
1216,MMP1,0.2698977990859997,0.0
1217,MMP13,0.1620904132831997,0.0
1218,MMP14,0.0412326304925999,0.12140696443597788
1219,MMP2,0.2261599830069999,0.0
1220,MMP3,0.0706251114505999,0.0
1221,MMP7,0.0253080760619999,0.017542221567771875
1222,MMP9,0.2358182981439998,0.0
1223,MOB1A,0.022416271344,0.08431208237247109
1224,MOB1B,0.0132670394,0.021352476196116958
1225,MOSMO,0.015877956715,0.01744371836603933
1226,MPL,0.5726616038701796,0.0
1227,MRAS,0.6757707120659993,1.0876110041116074
1228,MS4A2,0.05339080019,0.0
1229,MST1,0.1840197481597997,0.0
1230,MST1R,0.2751226346233996,0.0
1231,MTOR,5.724771018,12.57860758037169
1232,MUC5B,0.0712757761639999,0.0
1233,MYB,0.01107446148,0.0
1234,MYC,0.4155555789032077,1.5629876914478502
1235,MYD88,0.1385416269100799,0.2695895578709592
1236,MYH6,0.0967428660549999,0.0
1237,MYH7,0.0540927771495999,0.0
1238,MYL2,0.009730368706,0.0
1239,MYL3,0.0486627282619999,0.0
1240,MYL4,5.724663600000001e-05,0.0
1241,MYL6,0.1354000301299999,0.7271845508258088
1242,MYL6B,0.0423812678779999,0.12696293197626138
1243,MYL9,0.062968056734,0.19170766158650446
1244,MYLK,0.1183317684801998,0.3204483694295852
1245,MYLK2,0.1568896790299999,0.0
1246,MYLK3,0.0794928349977998,0.0
1247,MYLK4,0.071962707002,0.0
1248,NAIP,1.4311659000000002e-05,0.0
1249,NANOG,0.038371129121,0.0
1250,NBL1,0.111662745914,0.17971425668048752
1251,NCF1,0.040485434814,0.0
1252,NCK1,0.1043633717733196,0.20308174432333542
1253,NCK2,0.035632573278798,0.08204703205677824
1254,NCOA1,2.112460535535999,3.39987407441248
1255,NCOA2,2.188449028034,3.0338345471618395
1256,NCOA3,1.906370136439999,3.068184372718703
1257,NCOR1,0.6801315293199999,1.8857250078323267
1258,NCOR2,0.1241559930199998,0.3779957065272221
1259,NCSTN,0.046050140787,0.16238939862429344
1260,NEK7,0.00139771921412,0.00307110300947953
1261,NEO1,0.0342866839181199,0.07894800727806156
1262,NF1,0.0013018575345999,0.002533297789202074
1263,NF2,0.022456676813,0.05760023876222574
1264,NFATC1,0.7716573354834589,0.0
1265,NFATC2,0.429970145230599,0.2980325938915399
1266,NFATC3,0.6242859141165992,1.0047494183778334
1267,NFATC4,0.4048509352443993,0.0
1268,NFKB1,3.0231538562839995,7.754236541183011
1269,NFKB2,0.1733873598356198,0.41576473051282276
1270,NFKBIA,0.1647272000832597,0.4667073014049096
1271,NFKBIB,0.0787778621099997,0.17309265477809507
1272,NFKBIE,0.0758420476687998,0.1051394030190431
1273,NGF,0.2384613681411998,0.1652888249995398
1274,NGFR,0.6654477694903993,0.0
1275,NKD1,0.0155301506489999,0.0
1276,NKD2,0.0939186666729997,0.0
1277,NLK,0.0590630495947,0.10582677839278995
1278,NLRC4,0.0131521243788,0.0
1279,NLRP1,0.2641941087999997,0.2902468945213993
1280,NLRP12,0.0261875848442,0.0
1281,NLRP3,0.1577303419323798,0.10933034179918517
1282,NLRP6,1.4311659000000002e-05,0.0
1283,NLRP7,0.057161662,0.0
1284,NLRX1,2.1696596e-05,3.491932417316605e-05
1285,NOD1,0.038123560403,0.04188301194651676
1286,NOD2,0.1307734902359998,0.0
1287,NODAL,0.119371987727,0.0
1288,NOG,0.2244841133726,0.4022215358266203
1289,NOS1,0.1971081026479999,0.0
1290,NOS2,0.1593914908856999,0.0
1291,NOS3,0.4065039552378395,0.0
1292,NOTCH1,0.2240425680269998,0.36058260298174943
1293,NOTCH2,0.1401879708929999,0.4333269694804226
1294,NOTCH3,0.1989135031738391,0.0
1295,NOTCH4,0.2419350057462,0.0
1296,NOTUM,0.1660992807439999,0.0
1297,NOX4,0.0193447620275999,0.0
1298,NPPA,0.24316020307,0.0
1299,NPPB,0.0549424260549997,0.0
1300,NPPC,1.4311659000000002e-05,0.0
1301,NPR1,0.1867122362421999,0.0
1302,NPR2,2.8623318000000003e-05,3.968034433994147e-05
1303,NPRL2,0.032843344417,0.03608210177747535
1304,NPRL3,0.032048381576,0.07684866268192879
1305,NPY,0.3044583801953998,0.0
1306,NPY1R,0.0316876879554,0.06166139359251067
1307,NR1H3,0.15637374758,0.1717941207164731
1308,NR4A1,0.1409921445809999,0.09772830749742024
1309,NRAS,1.2357718606724586,4.161209433256996
1310,NRF1,0.004853130544,0.00781081229150553
1311,NRG1,0.0013788322419999,0.0036388173345596755
1312,NRG2,0.001407387378,0.0
1313,NRG3,0.054698508824,0.0
1314,NRG4,0.0013529998376,0.0
1315,NSMAF,0.0933651672049998,0.2149812422111291
1316,NTF3,0.3030539536819996,0.487746522568858
1317,NTF4,0.4497520286839998,0.0
1318,NTRK1,1.43262974022,0.0
1319,NTRK2,1.343717476353198,0.0
1320,NTRK3,0.7848676306407996,0.0
1321,NTSR1,0.0015656246009999,0.0
1322,NUMB,0.0748055116329999,0.16436450868023786
1323,NUMBL,0.0954389888469999,0.10485044596537277
1324,OLR1,0.1273188037399999,0.0
1325,OPRD1,0.0877647467206,0.0
1326,OPRM1,0.0197850581359398,0.0
1327,ORAI1,0.00033376874472,0.0008293841732461215
1328,ORAI2,0.009184230803,0.023557086896933303
1329,ORAI3,2.8623318000000003e-05,4.606745316885741e-05
1330,OSM,0.5307903624115996,0.0
1331,OSMR,0.5547788134999788,1.8075229316319466
1332,OXT,0.169406293463,0.0
1333,OXTR,0.3458532688361279,0.5566293630041274
1334,P2RY1,0.02276701599444,0.0
1335,PAK1,0.2054833734947997,0.3998521819456543
1336,PAK2,0.0874237779852599,0.2913139072990387
1337,PAK4,0.1277861829225712,0.2056639274808251
1338,PAK5,0.1512832828840969,0.0
1339,PAK6,0.0902097087443138,0.0
1340,PARD3,0.0456634509805198,0.16844696612597837
1341,PARD6A,0.0598091559144999,0.13141414732507312
1342,PARD6B,0.1065754045107396,0.14774488230730967
1343,PARD6G,0.0943464755157399,0.0
1344,PCK1,0.3138381922747995,0.0
1345,PCK2,0.5588732698979996,0.8994718288198559
1346,PDCD1,0.0107015251149999,0.0
1347,PDE10A,0.2092481179253998,0.22988255373351799
1348,PDE1A,0.0584392900385999,0.0
1349,PDE1B,0.1153986995799998,0.0
1350,PDE1C,0.032035185154,0.0
1351,PDE3A,0.0338146870531999,0.0
1352,PDE3B,0.0623981329632,0.0
1353,PDE4A,0.06439972654066,0.044638488880489956
1354,PDE4B,0.0865197655541998,0.0
1355,PDE4C,0.0908102453413999,0.0
1356,PDE4D,0.0900874687412,0.06244387496174498
1357,PDGFA,0.7129783581745982,0.7832867858450266
1358,PDGFB,0.5688110978646188,1.4589716599848452
1359,PDGFC,0.6657628204499995,2.026929845062054
1360,PDGFD,0.3528652502619997,0.0
1361,PDGFRA,1.7405978131382782,0.0
1362,PDGFRB,2.458607860545999,0.0
1363,PDHA2,1.4311659000000002e-05,0.0
1364,PDHB,1.4311659000000002e-05,3.431785946200226e-05
1365,PDK1,0.0344429918925999,0.04774812544080935
1366,PDPK1,2.8140845259,5.042162596489466
1367,PERP,0.01428496474,0.047600423934321755
1368,PF4,0.108595126108,0.0
1369,PF4V1,0.216200642993,0.0
1370,PFKFB2,0.1150046075767999,0.2857757141238495
1371,PFKFB3,0.1413952042113997,0.4304808718080918
1372,PFKFB4,0.1235452560743999,0.08563504591952674
1373,PFKL,0.04189221964,0.10409825515781547
1374,PFKM,0.1551899872159999,0.5378475104495215
1375,PFKP,0.0251176931159998,0.11302483837976383
1376,PFN1,0.032197806833,0.19776013394616215
1377,PFN2,0.0306455434619999,0.11526402161476612
1378,PFN3,0.016389531462,0.0
1379,PFN4,0.0031153710619999,0.0
1380,PGAM5,0.047594091174,0.16026338474220625
1381,PGF,0.3331866830179993,0.0
1382,PGK2,0.0194107629781599,0.0
1383,PGR,0.8532079603999999,0.0
1384,PHKB,0.1752192814458198,0.5249100563761824
1385,PHKG1,0.1690106093301997,0.0
1386,PHKG2,0.190763352821514,0.3070217723339872
1387,PHLPP1,0.0583061000459999,0.06405579801484773
1388,PHLPP2,0.089751308512,0.14444915860978216
1389,PIAS1,0.262927045514,0.2888548832248798
1390,PIAS2,0.17143857742,0.11883216657788088
1391,PIAS3,0.2160620987619999,0.38713131139810053
1392,PIAS4,0.1900830532399998,0.2635110648510637
1393,PIDD1,0.061647497072,0.08546157756806856
1394,PIK3AP1,0.1464850828208999,0.3218606241872129
1395,PIK3C3,0.021510369318,0.029819703691149706
1396,PIK3CA,2.125127169044598,2.9460518111092027
1397,PIK3CB,2.5425874061405582,5.586635538797583
1398,PIK3CD,2.2454694241467976,3.6139436224334234
1399,PIK3CG,0.2838782237927394,0.0
1400,PIK3R1,1.945102102719598,1.3482420384013105
1401,PIK3R2,2.373233059996997,0.0
1402,PIK3R3,2.367669914395397,1.6411437256597765
1403,PIK3R4,0.0566149262879999,0.11772742960240877
1404,PIK3R5,0.2869564544281455,0.0
1405,PIK3R6,0.6601829747682187,0.0
1406,PIM1,0.2334521235399999,0.4542768565150006
1407,PIN1,0.019211787515,0.03738441230693265
1408,PITX2,0.0196191624529999,0.013598967139244422
1409,PKLR,0.013497292144,0.0
1410,PKM,0.0415621150314,0.24543932843088495
1411,PKN1,0.185631230308,0.6546026426940623
1412,PKN2,0.1195861045719998,0.33156308487291375
1413,PKN3,0.0803114024,0.14389871573718474
1414,PLA1A,0.04481031364,0.0
1415,PLA2G10,0.033083912704,0.0
1416,PLA2G12A,0.02633261276,0.036504752582741676
1417,PLA2G12B,0.05408344682,0.0
1418,PLA2G1B,0.03677494548,0.0
1419,PLA2G2A,0.0615531710599999,0.0
1420,PLA2G2C,0.0274034920599999,0.0
1421,PLA2G2D,0.055268917486,0.0
1422,PLA2G2E,0.046872026528,0.0
1423,PLA2G2F,0.0197749754339999,0.0
1424,PLA2G3,0.0253934151399999,0.0
1425,PLA2G4A,0.1714733319291999,0.0
1426,PLA2G4B,0.1021822004897999,0.0
1427,PLA2G4C,0.0579007779093998,0.0
1428,PLA2G4D,0.0818465087695999,0.0
1429,PLA2G4E,0.0719469272089999,0.0
1430,PLA2G4F,0.0897600935649999,0.0
1431,PLA2G5,0.03653109833,0.0
1432,PLA2G6,0.02758665724,0.0191216136869796
1433,PLAT,0.0624840165606,0.06864570843881684
1434,PLAU,0.0323676277199998,0.16196587116171085
1435,PLCB1,1.0536361541142985,0.73032492956035
1436,PLCB2,1.135182276152798,0.0
1437,PLCB3,1.2425792493399987,2.730225665937836
1438,PLCB4,1.542833814188998,6.993047764212757
1439,PLCD1,0.0335711304213999,0.023269734399803548
1440,PLCD3,0.0004844620197998,0.0014749554895053002
1441,PLCD4,0.0657883025652759,0.045600976436945606
1442,PLCE1,0.13214762525104,0.21268339811715764
1443,PLCG1,0.7433708031865979,1.4465327904322005
1444,PLCG2,0.7467363628893585,0.0
1445,PLCZ1,0.0287157777414,0.0
1446,PLD1,0.1329200492403999,0.0921331573708723
1447,PLD2,0.209507592768,0.4356587916991211
1448,PLIN1,0.2422963289299997,0.0
1449,PLIN2,0.08743764084,0.2662058594389819
1450,PLIN4,0.0913524892599998,0.0
1451,PLIN5,0.0809717448399998,0.0
1452,PLK1,0.0159486008924,0.05801440987319413
1453,PLK2,0.01266221975026,0.06689708659867344
1454,PLK3,0.0015102383054,0.002093634846723279
1455,PLK4,0.00011020822852,0.00027385715991070357
1456,PLN,0.0795394514547998,0.0
1457,PLTP,0.1249057158399999,0.45759978993379186
1458,PMAIP1,0.02530873702,0.08341346850252454
1459,POMC,0.1312156451699997,0.0
1460,POU5F1,2.8623318000000003e-05,3.144592889725511e-05
1461,POU5F1B,2.8623318000000003e-05,0.0
1462,PPARA,0.8892513647971992,0.616382076318262
1463,PPARD,0.6836860293439999,0.47389504362801754
1464,PPARG,0.9446047455159992,2.676266769854755
1465,PPARGC1A,0.2375258704299993,0.16464038739860087
1466,PPBP,0.152652084076,0.0
1467,PPIF,0.0365507730699999,0.14511723875389929
1468,PPM1A,0.0704770451944,0.12627791309027978
1469,PPM1B,0.00023916783,0.0006631140281805612
1470,PPM1D,0.0344345039599999,0.06169834853850077
1471,PPP1CA,0.2415095407013996,0.8908995826658864
1472,PPP1CB,0.2315567962415997,0.8709314488135355
1473,PPP1CC,0.2920018295227994,1.1481002781201415
1474,PPP1R12A,0.0686929428499999,0.19045727864337153
1475,PPP1R12B,0.0603093746398,0.0
1476,PPP1R12C,0.0298985235008,0.05357096259849593
1477,PPP1R1B,0.0050728000218399,0.0
1478,PPP1R3A,0.1172663104849997,0.0
1479,PPP1R3B,0.0706867825029998,0.21175867565792805
1480,PPP1R3C,0.0862019491379999,0.05975063800377644
1481,PPP1R3D,0.3265022441289999,0.22631410996451123
1482,PPP1R3E,0.1223305521033999,0.0
1483,PPP2CA,0.3022997786359999,1.0073246857958444
1484,PPP2CB,0.30953261806,1.0201690138329853
1485,PPP2R1A,0.2123257448141996,0.6917777741119764
1486,PPP2R1B,0.3790062172819999,0.7881212727711246
1487,PPP2R2A,0.3319608206839998,0.69029312074044
1488,PPP2R2B,0.2917563540713999,0.0
1489,PPP2R2C,0.1317611854179999,0.1826597883594456
1490,PPP2R2D,0.1783812197459999,0.3196162396123458
1491,PPP2R3A,0.0876727533399999,0.1215402435790969
1492,PPP2R3C,0.2481962004199998,0.39945637467804
1493,PPP2R5A,0.12109543108,0.32793250648875283
1494,PPP2R5B,0.15019782016,0.1041091955701537
1495,PPP2R5C,0.1368171649199998,0.22019873229399647
1496,PPP2R5D,0.1918372253199999,0.4600055757415836
1497,PPP2R5E,0.2556982244679998,0.45814971495533935
1498,PPP3CA,0.0777554393019996,0.19321500817872606
1499,PPP3CB,0.046387060076,0.0964591797184326
1500,PPP3CC,0.0983378761297998,0.13632524316324776
1501,PPP3R1,0.2396767700451997,0.6645251096101781
1502,PPP3R2,0.207166176914,0.0
1503,PPP4C,0.0039513872488,0.01545791782066103
1504,PPP4R3A,0.0540544338852999,0.1426527499432041
1505,PPP4R3B,0.0438816734297999,0.11883377455627113
1506,PPP5C,0.0002407076721999,0.0005005375329735246
1507,PRDM4,0.000761031704,0.0022408114136390567
1508,PREX1,0.2645915924411366,0.29068357493409686
1509,PRICKLE1,0.029056951236,0.060422231474703644
1510,PRICKLE2,7.155829500000001e-05,7.861482224313777e-05
1511,PRICKLE4,0.0336718301718,0.023339534147876467
1512,PRKAA1,0.9856207506463986,2.792473862910081
1513,PRKAA2,1.2732230411643992,2.477577637812875
1514,PRKAB1,1.6081826911375992,3.1293790202197402
1515,PRKAB2,1.3345742532743987,2.7751691427151313
1516,PRKACA,1.1783727956940693,2.111360614965585
1517,PRKACB,1.132245210181944,2.3544377254203512
1518,PRKACG,1.094481497393516,0.0
1519,PRKAG1,1.0192074501401989,2.68974689169097
1520,PRKAG2,0.8526511236276987,2.778019674031532
1521,PRKAG3,0.7268747382985987,0.0
1522,PRKAR1A,0.031042104144,0.11451058018926669
1523,PRKAR1B,1.4311659000000002e-05,3.556313661859829e-05
1524,PRKAR2A,1.4311659000000002e-05,2.97602582549561e-05
1525,PRKAR2B,1.4311659000000002e-05,1.9840172169970734e-05
1526,PRKCA,1.0765386030961988,3.730998487500361
1527,PRKCB,1.1064799295921397,0.0
1528,PRKCD,0.7644765095892792,1.48760259872416
1529,PRKCE,0.7274311650463388,2.0168674444132235
1530,PRKCG,0.4301704121729996,0.0
1531,PRKCI,0.4614802348719999,1.5539404705056639
1532,PRKCQ,0.1523116624369999,0.0
1533,PRKCZ,0.6679111354519995,0.4629607204031452
1534,PRKD1,0.1094690156183997,0.21301686849893856
1535,PRKD2,0.1280710675015599,0.17754419870001734
1536,PRKD3,0.0575698082699999,0.14305559939714296
1537,PRKG1,0.5402369380175597,0.0
1538,PRKG2,0.6362999608811997,0.0
1539,PRL,0.3166176503657077,0.0
1540,PRLR,0.735948260027659,0.0
1541,PRMT1,0.0090819825821199,0.0322896091678206
1542,PRR5,0.049061433334,0.05389949356040363
1543,PSEN1,0.1372536699401998,0.267083309331723
1544,PSEN2,0.0377136999569999,0.06757387901758026
1545,PSENEN,0.075377865286,0.16562209819353785
1546,PSTPIP1,0.0135242436589999,0.0
1547,PTAFR,0.0284186781059999,0.0
1548,PTCH1,0.0742304229476999,0.0
1549,PTCH2,0.0614508363669999,0.0
1550,PTCRA,0.01407043413,0.0
1551,PTEN,0.0683146291089999,0.14205627767370493
1552,PTGER1,0.047177087092,0.0
1553,PTGER2,0.03939086876446,0.0
1554,PTGER3,0.0939099900503999,0.0
1555,PTGFR,0.2615822823977399,0.0
1556,PTGS2,1.5670108231399995,0.0
1557,PTK2,0.7947308540908203,2.097340285559774
1558,PTK2B,0.1426618537793998,0.09888566172064614
1559,PTPN1,0.0321107283884,0.10068300313110014
1560,PTPN11,0.4093445048059993,1.8419723612225893
1561,PTPN2,0.2406046809127999,0.3872382953701695
1562,PTPN5,0.190202801292,0.0
1563,PTPN6,0.1850686305510998,0.33159847124700154
1564,PTPN7,0.1843551488959995,0.0
1565,PTPRC,0.09120781248,0.0
1566,PTPRF,0.1111055598899999,0.4452369972110304
1567,PTPRR,0.1499649968159997,0.0
1568,PXN,0.0342642264526,0.10889355612159483
1569,PYCARD,0.1624089743348,0.3568489899883899
1570,PYDC1,1.4311659000000002e-05,0.0
1571,PYDC2,0.007861782144,0.0
1572,PYGB,0.1413298746783999,0.5556844239302494
1573,PYGL,0.036406679496,0.12617593623100987
1574,PYGM,0.0858608596719998,0.0
1575,RAB10,0.015966597803,0.06689453219936765
1576,RAB11B,2.8623318000000003e-05,7.751338206611251e-05
1577,RAB14,0.005344514174,0.015736595858633132
1578,RAB2A,0.0023934321739999,0.00691790876016933
1579,RAB5A,0.02682010232,0.07436111322174899
1580,RAB5B,0.00265566296,0.00795565523695392
1581,RAB5C,0.03510314868,0.1328369713527475
1582,RAB8A,0.1189308845776,0.23142881533567786
1583,RAC1,0.6819903882928724,3.4395674538137824
1584,RAC2,0.4490221634753998,1.0767081231793585
1585,RAC3,0.4900696110907797,0.8780868662528147
1586,RAF1,0.3536335274778993,0.8142712887535112
1587,RAG1,0.0113507568804,0.0
1588,RAG2,0.00021620007632,0.0
1589,RALA,0.1205687601603999,0.4100781513678045
1590,RALB,0.1648641318439998,0.6275821065991025
1591,RALBP1,0.2862834163246258,0.9435434376483672
1592,RALGDS,0.1108049497643199,0.12173167945633441
1593,RAP1A,0.3442249001892853,0.7926071238132116
1594,RAP1B,0.4546951575733451,1.338822145597184
1595,RAP1GAP,0.0038778370734,0.0
1596,RAPGEF1,0.04896106533636,0.09527383394658322
1597,RAPGEF2,0.1847700601713999,0.35954593532908796
1598,RAPGEF3,0.06238828277442,0.2008201351776217
1599,RAPGEF4,0.0877508636017998,0.0
1600,RAPGEF5,0.0262969798275998,0.018227677424742558
1601,RAPGEF6,0.0584044368677999,0.0
1602,RARA,0.7624415223999998,1.366111817492854
1603,RASA1,0.0451249842898,0.1641460183104471
1604,RASA2,0.0103087921115998,0.014291020374268012
1605,RASA3,0.0786439052338,0.16353540354309595
1606,RASA4,0.0082111875201999,0.0
1607,RASAL1,0.0070201487643999,0.013660578728523881
1608,RASAL2,0.1036698976187199,0.28743398897341554
1609,RASAL3,0.0101054839753998,0.0
1610,RASGRF1,0.3681923838605997,0.0
1611,RASGRF2,0.2925190891028996,0.0
1612,RASGRP1,0.0405597553045998,0.0
1613,RASGRP2,0.068564281277,0.0
1614,RASGRP3,0.0318986525459,0.0
1615,RASGRP4,0.0376957907795999,0.0
1616,RASSF1,0.0898379351299999,0.12454182288537338
1617,RASSF2,1.4311659000000002e-05,3.431785946200226e-05
1618,RASSF4,1.4311659000000002e-05,0.0
1619,RASSF5,0.1503063478647598,0.0
1620,RASSF6,1.4311659000000002e-05,2.7849202497918817e-05
1621,RBCK1,0.006176438315,0.02246732653104776
1622,RBL1,0.0941646853655999,0.16872046667069407
1623,RBL2,0.0127963235769999,0.03547894243572094
1624,RBPJ,0.5618372486629996,1.0932848042906445
1625,RBPJL,0.5370723086917993,0.0
1626,RBX1,0.0159293554927998,0.04513126254441558
1627,RCAN1,0.0642609280948,0.08908456225815199
1628,RCAN2,0.0751073530373999,0.0
1629,RCHY1,0.012033239184,0.016681611626786115
1630,REL,0.019854884374,0.013762357124181815
1631,RELA,1.7776072791095974,3.9058024025113722
1632,RELB,0.12936668696396,0.1793403086548998
1633,RELN,0.2442326430954799,0.6068953189232573
1634,RET,0.4646163626475994,0.0
1635,RFNG,0.0039748123209999,0.007121907614555913
1636,RGL1,0.1222574137886,0.19676571682751637
1637,RGL2,0.0406979883522,0.08462908764236678
1638,RGMA,0.047875129765,0.0
1639,RGMB,0.01018361977508,0.0
1640,RGS14,0.0193275743176799,0.03110653086226167
1641,RGS2,0.0362736014799999,0.050285889189233976
1642,RHEB,0.3015616162679999,1.3603020835430935
1643,RHOA,0.6182198558667994,3.356529272183252
1644,RHOQ,0.0217483906829998,0.07247008552294432
1645,RICTOR,0.182432667226,0.2004227700689835
1646,RIN1,0.3904758325520001,0.75983088552376
1647,RIPK1,0.2103095904347798,0.4373264989637533
1648,RIPK2,0.3280741650661997,0.8152336743966457
1649,RIPK3,4.2934977000000005e-05,0.0
1650,RLN1,0.0099220532029999,0.0
1651,RLN2,0.0283973158029999,0.0
1652,RLN3,0.06676886741888,0.0
1653,RNASEL,0.016801689659,0.011646043815779038
1654,RNF125,2.8623318000000003e-05,0.0
1655,RNF152,0.053845541068,0.0
1656,RNF31,1.4311659000000002e-05,1.5722964448627555e-05
1657,RNF43,0.146204157108,0.0
1658,ROCK1,0.2004233749321997,0.4167686917576891
1659,ROCK2,0.0486863551805998,0.1284860824916137
1660,ROR1,0.0585399366269999,0.09421639339898324
1661,ROR2,0.0852501793859998,0.0
1662,RPRM,0.0180976754599999,0.0
1663,RPS6,0.11866761778,0.6910069846405767
1664,RPS6KA1,0.0994101962876597,0.2756235891028082
1665,RPS6KA2,0.2373222867293,0.0
1666,RPS6KA4,0.1429491835819996,0.42823748273479045
1667,RPS6KA5,0.3154720751091996,0.0
1668,RPS6KB1,0.80191442632,1.6675341709621618
1669,RPS6KB2,0.6673565931621999,0.733166154171677
1670,RPTOR,0.6832031305999996,1.2241356786588007
1671,RRAGA,0.3645227263259997,1.2854385524414658
1672,RRAGC,0.3257391469735999,0.45157034264550483
1673,RRAGD,0.3091305758179999,0.3396146493967035
1674,RRAS,0.6264719811271995,1.9642992732660094
1675,RRAS2,0.7083661278583596,2.122075270717761
1676,RRM2,0.212156039,0.7069473100167064
1677,RRM2B,0.1982958159999999,0.5497927431089344
1678,RSPO1,0.07191640078,0.0
1679,RSPO2,0.070569354777,0.0
1680,RSPO3,0.0093513019928,0.0
1681,RSPO4,0.0581951706359999,0.0
1682,RUVBL1,0.0958998016545998,0.2530850744652211
1683,RXFP1,0.0533257342970376,0.0
1684,RXFP2,0.00042404874594,0.0
1685,RXFP3,0.1347050987307799,0.0
1686,RXFP4,0.0135067575435799,0.0
1687,RXRA,5.045793827219998,3.497477765024317
1688,RXRB,4.888243566079998,10.16481673715593
1689,RXRG,4.641131911559998,0.0
1690,RYK,0.1801276151569998,0.4147591614970761
1691,RYR1,0.0719681328359999,0.0
1692,RYR2,0.1428455044398199,0.0
1693,RYR3,0.1821161318939999,0.0
1694,S100A7,0.1323948864859999,0.0
1695,S100A7A,0.0593715578259999,0.0
1696,S100A8,0.1178923111059999,0.0
1697,S100A9,0.2523259881129998,0.0
1698,S1PR1,0.0648132516807559,0.08985024533087617
1699,S1PR2,0.0343800598085999,0.0
1700,S1PR3,0.1061073427267998,0.0
1701,S1PR4,0.0747844790341999,0.0
1702,S1PR5,0.028701957756,0.0
1703,SAV1,0.033049410721,0.059216594611758946
1704,SCD,0.1514863891569998,0.7396780322214658
1705,SCD5,0.0636933710179999,0.06997432010707193
1706,SCP2,0.09215953944,0.21220518169174082
1707,SCRIB,0.0495642049118,0.13742115556523823
1708,SEC13,0.041904312621,0.10748243973210131
1709,SEH1L,0.00403706874,0.007233456142819573
1710,SELE,0.014757670782,0.0
1711,SENP2,0.025940185462,0.03596073283237476
1712,SERPINB5,0.0125101718,0.0
1713,SERPINE1,0.1653038208803597,0.2660462363950665
1714,SERPINF1,0.014460813174,0.0
1715,SESN1,0.022874427408,0.04451158044705623
1716,SESN2,0.032473434827,0.09200416887919625
1717,SESN3,0.06731077612,0.0
1718,SETD7,0.01691748941422,0.03517893026885794
1719,SFN,0.0566984585834,0.07860075341835708
1720,SFRP1,0.1582672113839999,0.0
1721,SFRP2,0.3094993860389999,0.0
1722,SFRP4,0.3351597597399998,0.36821063071741494
1723,SFRP5,0.2172630500669999,0.0
1724,SGK1,0.2349842515599998,0.32575734288960556
1725,SGK2,0.21662150446,0.30030117013020524
1726,SGK3,0.1342809203199998,0.0
1727,SH2B1,0.1602977959,0.3522102568443051
1728,SH2B2,0.1445991805074599,0.10022851428002442
1729,SH2B3,0.0288731040679999,0.08180366372978114
1730,SH2D2A,0.0031921732812,0.0
1731,SHARPIN,0.063585774144,0.12373220324234853
1732,SHC1,0.4865784447599995,1.9131416014385034
1733,SHC2,0.5398264036307994,0.0
1734,SHC3,0.8129683760559995,0.5635067377476134
1735,SHC4,1.14273046496,0.0
1736,SHH,0.0250108742399999,0.0
1737,SHISA5,0.030733543468,0.09356896267907414
1738,SHOC2,0.0971417554816399,0.2630647504674767
1739,SIAH1,0.061271624837,0.06731375999259037
1740,SIK1,0.1811392571543999,0.0
1741,SIK2,0.00020052969034,0.0002779931789554598
1742,SIKE1,1.4311659000000002e-05,3.295381266941408e-05
1743,SIN3A,1.0251317587799995,1.64988591782078
1744,SIPA1,0.0592858082233,0.08218758163439603
1745,SIPA1L1,0.0092998380435799,0.01289231303914305
1746,SIPA1L2,0.0007748988305998,0.0
1747,SIVA1,0.14127419512,0.3104111336610566
1748,SKAP1,0.0396923850376,0.0772378148848771
1749,SKP1,0.0465280044805,0.12600017189030255
1750,SKP2,0.028372147294,0.06532928341539575
1751,SLC25A31,0.0472438258139999,0.0
1752,SLC25A4,0.036300792029,0.05842387094285819
1753,SLC27A1,0.07603151638,0.0
1754,SLC27A4,0.1641967183919999,0.29420102499503814
1755,SLC2A1,0.1790044630793998,0.5449831042978668
1756,SLC2A2,0.5852348479999999,1.2169616545698843
1757,SLC2A4,0.3270450154431999,0.0
1758,SLC38A9,0.0304846488359998,0.02113034839103328
1759,SLC3A2,1.4311659000000002e-05,5.243164500488617e-05
1760,SLC7A5,1.4311659000000002e-05,6.140359247504634e-05
1761,SLC8A1,0.047437590403,0.05211551976154019
1762,SLC8A2,0.048328647174,0.0
1763,SLC8A3,0.011884605803,0.0
1764,SLC9A1,0.1199329387400998,0.16626235668793762
1765,SMAD1,0.1943038963087999,0.21346464822094174
1766,SMAD2,0.4214049611194994,0.29209566067395437
1767,SMAD3,0.6219606647840354,2.174690167352099
1768,SMAD4,0.08624345234014,0.1545275223893643
1769,SMAD5,0.19137247539008,0.42048830635275464
1770,SMAD6,0.1257333889513998,0.08715174405390974
1771,SMAD7,0.1415139812361997,0.32584798364471257
1772,SMAD9,0.2407880832275997,0.0
1773,SMO,0.1960738271593997,0.38154205023359317
1774,SMPD2,1.4311659000000002e-05,1.9840172169970734e-05
1775,SMURF1,0.0693063012809999,0.18768494312166215
1776,SMURF2,0.1214796105101999,0.36984739992420573
1777,SNAI2,0.039146847986,0.0
1778,SNW1,0.02105428422,0.07230014261107352
1779,SOCS1,0.3056067576439997,0.0
1780,SOCS2,0.1591820946319998,0.22067324017959414
1781,SOCS3,0.3160330796119999,0.5662552629841046
1782,SOCS4,0.1909771621479994,0.39712584448267585
1783,SOCS5,0.1180834368231996,0.2115771160869607
1784,SOCS6,0.2202497340371998,0.35447827216299665
1785,SOCS7,0.3198895201679997,0.4434610379902455
1786,SOD2,0.0061103853883898,0.012706189212291228
1787,SORBS1,0.1478427842879999,0.0
1788,SORT1,0.000564416046,0.0011736701728430772
1789,SOS1,0.1689691131343998,0.328798712125104
1790,SOS2,0.2343263348731999,0.37713368722665674
1791,SOST,0.047580106259,0.0
1792,SOX17,0.0036492779209999,0.0
1793,SOX2,0.1032236632469999,0.0
1794,SOX9,0.0797964737362,0.0
1795,SP1,0.14485578974,0.40162552898426096
1796,SPHK1,0.3580373613899999,0.0
1797,SPHK2,0.2572300891297399,0.17829831103546262
1798,SPOP,0.0774849257899999,0.18580073726497331
1799,SPOPL,0.0412561658182,0.07392112576880265
1800,SPP1,0.1808448063485397,1.2157526834035568
1801,SRC,1.2614603114399996,2.030242050262463
1802,SREBF1,0.1693230226894,0.45853524564526377
1803,SRF,0.0618060877919997,0.15852948516930096
1804,SRSF1,0.030289577119,0.13420756712872525
1805,SST,0.1105531186419999,0.0
1806,SSTR1,0.1941530433295999,0.0
1807,SSTR2,0.1522852718684798,0.0
1808,SSTR5,0.0476239277614738,0.0
1809,STAM,0.0105454687179999,0.025286929588335054
1810,STAM2,0.0006754880317199,0.0013144390164891507
1811,STAT1,1.6899683959489988,9.377763210189325
1812,STAT2,1.0207676521939997,2.4476939278214833
1813,STAT3,2.487976145224,7.048967214342183
1814,STAT4,0.8508148371159993,2.1822969697794243
1815,STAT5A,1.7713968510359983,1.2278387329483675
1816,STAT5B,2.7513389822,6.335192126187131
1817,STAT6,0.6091217616279991,2.382898344595652
1818,STEAP3,0.007170393906,0.025891703795890383
1819,STIM1,0.009198542462,0.022057141486264885
1820,STIM2,4.2934977000000005e-05,5.9520516509912205e-05
1821,STK11,0.1041964205763997,0.16769766961558627
1822,STK3,0.3393515465023999,0.37281577916606407
1823,STK4,0.0847564843920478,0.16492850317673408
1824,STMN1,0.045126768906,0.15778608870437946
1825,STRADA,0.1869142323049998,0.20534627253723856
1826,STRADB,0.1375628881539999,0.3897450103648253
1827,SUCNR1,0.11397941882154,0.0
1828,SUFU,0.1239764219239999,0.13620202063080875
1829,SUGT1,0.0634993831144,0.10219831460049308
1830,SYK,0.3850108291300997,0.0
1831,SYNGAP1,0.0117772795915999,0.008163388143583654
1832,TAB1,0.1126892627267999,0.15622048947692055
1833,TAB2,0.1511647417913999,0.44509535800622807
1834,TACR1,0.011545299092,0.0
1835,TACR2,0.054352827006,0.0
1836,TACR3,0.090076021777,0.0
1837,TANK,0.02822542878,0.06499145155219312
1838,TAOK1,0.0004726212232,0.0011744196203606187
1839,TAOK2,0.00922638632186,0.01918573099726231
1840,TAOK3,0.0510756123779199,0.07080583343025565
1841,TBC1D1,0.1539405785339999,0.3691333855585247
1842,TBC1D4,0.0210997414999999,0.04105820112729339
1843,TBC1D7,0.2015981293483999,0.13973717496400256
1844,TBK1,0.1703756306295998,0.49244891100554394
1845,TBKBP1,0.011807411003,0.01636854729288385
1846,TBL1XR1,0.058676558777,0.16268596512494984
1847,TBX3,0.017237452609,0.0
1848,TBXA2R,5.724663600000001e-05,0.0
1849,TCF3,0.037727063696,0.10216678242894868
1850,TCF7,0.5826939170639998,0.0
1851,TCF7L1,0.6223669871772596,0.0
1852,TCF7L2,0.2834871309284797,0.39299661105620753
1853,TCL1A,0.0618649292459999,0.0
1854,TCL1B,0.0223222023379998,0.0
1855,TEAD1,0.2348743647172598,0.6512100147583078
1856,TEAD2,0.3394453287317197,0.5463161812594859
1857,TEAD3,0.1376646683509959,0.2466619730960366
1858,TEAD4,0.1087101041141197,0.3541880138621683
1859,TEC,0.018532640858,0.020360186988071502
1860,TEK,0.9805150927085984,0.0
1861,TELO2,0.1603162924799999,0.47204154057355935
1862,TF,0.1047664957585997,0.0
1863,TFAM,1.4311659000000002e-05,4.662876664124399e-05
1864,TFDP1,0.1154186770173998,0.4313968824703961
1865,TFF1,0.2612474187199999,0.0
1866,TFRC,0.083505944494,0.30592917547204956
1867,TGFA,0.4790389611999995,1.7671169816907613
1868,TGFB1,0.1032674475577999,0.2566099671430106
1869,TGFB2,0.107052044734,0.2566995920110583
1870,TGFB3,0.0647972788189999,0.0
1871,TGFBR1,0.1990118697521999,0.3565814021172845
1872,TGFBR2,0.3556750786487399,1.007703378975854
1873,TGIF1,0.0006804858171999,0.001795841083580625
1874,TGIF2,0.00233388740445,0.002564037382896489
1875,TH,0.0912574441999999,0.0
1876,THBD,0.0606014861731999,0.0
1877,THBS1,0.183973984382,1.062367255853041
1878,THBS2,0.1012966384210999,0.0
1879,THBS3,0.1091459301656397,0.3322972333754839
1880,THBS4,0.2265840398445108,0.0
1881,THEM4,0.07930379137,0.10993839879165924
1882,THPO,0.3423865300297385,0.0
1883,THRA,1.2171620078679992,1.3371891391437345
1884,THRB,1.4633700356219987,0.0
1885,TIAM1,0.0711680895339599,0.0
1886,TICAM1,0.1349432604807,0.18707108107552697
1887,TICAM2,0.0340341041699399,0.0
1888,TIRAP,0.0375186790488,0.02600596660100921
1889,TKFC,0.008459209744,0.011726954767637632
1890,TLE1,0.2578890846699999,0.566640235063665
1891,TLE2,0.3112036944485998,0.0
1892,TLE3,0.2518106433245996,0.17454183745543222
1893,TLE4,0.2141514392399997,0.3446634453151832
1894,TLE6,0.3601460007239998,0.0
1895,TLN1,0.0205454674142,0.07473590791100337
1896,TLN2,0.0097096970534,0.013460498273310837
1897,TLR1,1.4311659000000002e-05,0.0
1898,TLR2,0.036190998816201,0.02508568879109804
1899,TLR3,1.4311658e-05,1.9840170783676372e-05
1900,TLR4,0.08363708904928,0.0579728124647495
1901,TLR5,1.4311659000000002e-05,0.0
1902,TLR6,0.010225308744,0.011233649841583874
1903,TLR9,0.023699975144,0.0
1904,TNC,0.1894180689281998,0.3393916186449944
1905,TNF,0.6109968288759996,0.0
1906,TNFAIP3,0.0878626201204196,0.06090172741307836
1907,TNFRSF10A,0.039436651659,0.08200621172448161
1908,TNFRSF10B,0.0276892617794,0.10719069819170651
1909,TNFRSF11A,0.1431192597019999,0.0
1910,TNFRSF13C,0.026163049918,0.0
1911,TNFRSF1A,0.2814174129311999,0.9839781122422752
1912,TNFRSF1B,0.0877930868079999,0.0
1913,TNFSF10,0.01090436112046,0.011979665127012113
1914,TNFSF11,0.21994667872,0.0
1915,TNFSF13B,0.00016242941,0.0
1916,TNFSF14,1.4311659000000002e-05,0.0
1917,TNN,0.2104660784438697,0.0
1918,TNNI3,0.0056340195106,0.0
1919,TNR,0.2066975310540997,0.0
1920,TNXB,0.1338784637712394,0.0
1921,TOLLIP,0.045733294318,0.07360489773589622
1922,TP53,2.640415934167799,7.480861658542868
1923,TP53AIP1,0.004661671803,0.0
1924,TP53BP1,1.4311659000000002e-05,3.144592889725511e-05
1925,TP53BP2,0.0255128392649999,0.08212266153385636
1926,TP53I3,0.077314322016,0.1853916472817774
1927,TP73,0.0865620037619999,0.0
1928,TRADD,0.1187925207379997,0.2848520239214519
1929,TRAF1,0.0502539096,0.03483335575135437
1930,TRAF2,1.0467655523017994,2.1766877738557984
1931,TRAF3,0.2432398970817794,0.4358273888903358
1932,TRAF3IP2,0.4278515540644679,0.5931281967959539
1933,TRAF4,0.0003730024166,0.0008944207315075085
1934,TRAF5,0.0783951275759998,0.10867872329788296
1935,TRAF6,0.8423480493361982,0.5838711754475555
1936,TRDN,0.116667718953,0.0
1937,TRHR,0.0144206873769999,0.0
1938,TRIM25,1.4311659000000002e-05,5.0468069339367613e-05
1939,TRIP10,2.8623318000000003e-05,8.714433389309274e-05
1940,TRIP6,1.4311659000000002e-05,6.15983119277413e-05
1941,TRPC6,0.1043547765759999,0.0
1942,TSC1,0.2113706081499996,0.3401878703308616
1943,TSC2,0.2179143465519997,0.4240417385802929
1944,TSHB,0.1515088624076,0.0
1945,TSHR,0.1047311088504597,0.0
1946,TSLP,0.4420813959909196,0.0
1947,TTI1,0.1887238403999999,0.4146686604561579
1948,TXN,0.022556751515,0.11995951122809731
1949,TXN2,0.0563071041439999,0.19151157518355075
1950,TXNIP,0.0796823754220598,0.28772651673355765
1951,TYK2,0.8536513341728588,1.5295378614233823
1952,UBC,0.13313171166,0.7666924504380926
1953,UCP1,0.1173703394659997,0.0
1954,ULK1,0.12085798688,0.19451342610513508
1955,ULK2,0.04012920994,0.04408644317462646
1956,USP25,0.0242992578348998,0.055951108861459056
1957,USP7,0.0004518338254,0.001353573173034139
1958,VANGL1,0.0766555262799999,0.15940068574596217
1959,VANGL2,0.05615739478,0.12930718008180966
1960,VASP,7.151248000000001e-05,0.00020669765252911434
1961,VAV1,0.1555392596208115,0.0
1962,VAV2,0.1359520785390139,0.2987172483058653
1963,VAV3,0.03529909840496,0.07340241160711825
1964,VCAM1,0.010586658944,0.017038570270483156
1965,VDAC1,0.0851039149032,0.4088409981841611
1966,VDAC2,0.0274051700571999,0.11265919733136809
1967,VDAC3,0.0985428280099999,0.33839481048012016
1968,VEGFA,0.667090329699599,0.7328736338596404
1969,VEGFB,0.5339379461787986,1.5721477011849276
1970,VEGFC,0.6611297824071994,0.9165204893195208
1971,VHL,0.011476123077,0.02642474992246516
1972,VIP,0.0599697681753999,0.0
1973,VIPR2,0.0374567896325452,0.0
1974,VTN,0.2179832318559996,0.0
1975,VWF,0.0837661465486,0.0
1976,WDR24,0.041356675436,0.05733252595159229
1977,WDR59,0.076739172206,0.1766984739702386
1978,WIF1,0.3320605709399998,0.0
1979,WNT1,0.24496260343,0.0
1980,WNT10A,0.084206915611,0.0
1981,WNT10B,0.2209176757903998,0.0
1982,WNT11,0.1111033609579998,0.0
1983,WNT16,0.3294743415099996,0.0
1984,WNT2,0.148582795167,0.0
1985,WNT2B,0.3260893838219999,0.45205587401349817
1986,WNT3,0.2244150608539997,0.31110533341227686
1987,WNT3A,0.2647469768279998,0.0
1988,WNT4,0.1731382261879999,0.0
1989,WNT5A,0.2092102959589998,0.0
1990,WNT5B,0.2351684288839999,0.6206229659404247
1991,WNT6,0.2183880157989998,0.0
1992,WNT7A,0.1697333179729999,0.0
1993,WNT7B,0.0949385324295998,0.0
1994,WNT8A,0.1132196289759999,0.0
1995,WNT8B,0.2077445204579998,0.0
1996,WNT9A,0.3443667242579999,0.0
1997,WNT9B,0.150148310228,0.0
1998,WTIP,0.068575437888,0.04753287142773085
1999,WWC1,0.078717235272,0.26230192640188105
2000,WWTR1,0.3663755032069995,1.3025924351042142
2001,XCL1,0.1297789669699999,0.0
2002,XCL2,0.1559630883079997,0.0
2003,XCR1,0.5151526990492535,0.0
2004,YAP1,0.3851515063905759,1.134055108301084
2005,YWHAB,0.06413020730792,0.28857372700446304
2006,YWHAE,0.1513425906167998,0.779912500115073
2007,YWHAG,0.1118729335563999,0.575212985425985
2008,YWHAH,0.0669073527371998,0.28329285742996096
2009,YWHAQ,0.0806750657963999,0.42456787725596984
2010,YWHAZ,0.1481537520080599,0.6909059990537707
2011,ZAP70,0.1543921750219996,0.0
2012,ZFYVE16,0.00048770293994,0.0009490261005533599
2013,ZFYVE9,0.0120376082787999,0.013224664381262543
2014,ZMAT3,0.0541211388,0.1297768228869845
2015,ZNF274,0.0012271180998,0.001701146902180895
2016,ZNRF3,0.2092891139177997,0.0
