gene_idx,gene_name,degree
1,ABL1,0.7577289724
2,ABL2,0.17176328427999998
3,ACAA1,0.18341366938
4,ACACA,0.0862750598333999
5,ACACB,0.0919637578463999
6,ACADL,0.0877835438939999
7,ACADM,0.11712118416
8,ACOX1,0.14962268301999998
9,ACOX2,0.17485436491999998
10,ACOX3,0.13806653904
11,ACSBG1,0.1861860403
12,ACSBG2,0.180759949236
13,ACSL1,0.12109925906799991
14,ACSL3,0.186093001
15,ACSL5,0.1326456768599998
16,ACSL6,0.11735366294999999
17,ACTA2,0.061412947131159905
18,ACTB,0.1699225489097999
19,ACTG1,0.0891787831933999
20,ACVR1,0.2446180424603996
21,ACVR1B,0.10439398804271978
22,ACVR1C,0.117693709466
23,ACVR2A,0.0945051787097759
24,ACVR2B,0.1214546784607998
25,ADAM17,0.012329833238839114
26,ADCY1,0.3694451220381997
27,ADCY10,0.29926940558399984
28,ADCY2,0.2872190224367798
29,ADCY3,0.2247237556493223
30,ADCY4,0.42744047219794423
31,ADCY5,0.48527861805833644
32,ADCY6,0.38259311630709986
33,ADCY7,0.3718604875292078
34,ADCY8,0.2909976030742205
35,ADCY9,0.4798036678360759
36,ADCYAP1,0.09747898196259987
37,ADCYAP1R1,0.0374525303566199
38,ADGRB1,0.02145608366
39,ADIPOQ,0.2124089649
40,ADIPOR1,0.060972123146
41,ADIPOR2,0.041050577789
42,ADORA1,0.0490550833001998
43,ADORA2A,0.09729574912895989
44,ADORA2B,0.00859517844182
45,ADORA3,0.0350958003329999
46,ADRA1A,0.05313181465819991
47,ADRA1B,0.0640735553249999
48,ADRA1D,0.030892458953999998
49,ADRA2A,0.11455409390299989
50,ADRA2B,0.02565829278
51,ADRA2C,0.0249444502949999
52,ADRB1,0.047124491974339995
53,ADRB2,0.107035865525322
54,ADRB3,0.035972444944659905
55,AFDN,0.03797852156271981
56,AFP,2.8623318000000003e-05
57,AGAP2,0.1726688132099998
58,AGER,0.2379525670126997
59,AGRP,0.041311035930999794
60,AGT,0.2093452612279999
61,AGTR1,0.25915917556929186
62,AIFM2,0.03289041272
63,AIM2,0.0182015117179999
64,AJUBA,4.2934977000000005e-05
65,AKT1,2.1209903722973373
66,AKT1S1,0.7021862601999995
67,AKT2,2.5246195833979983
68,AKT3,2.513755549943598
69,ALDOA,0.02520995569
70,ALDOB,0.0312659506759999
71,ALDOC,0.02850760826
72,AMH,0.1619623724750399
73,AMHR2,0.0172504134811797
74,ANAPC5,0.00057682079068
75,ANGPT1,0.4050007398559995
76,ANGPT2,0.3037810656451997
77,ANGPT4,0.42957178347419994
78,ANGPTL4,0.1694188745351996
79,AOX1,0.13462409850799978
80,APAF1,1.4311659000000002e-05
81,APBB1IP,0.08090568981616002
82,APC,0.013356267304999999
83,APC2,0.098076008189
84,APH1A,0.028746577272
85,APH1B,0.05650281375700001
86,APLNR,0.2753649959149995
87,APOA1,0.08877868308
88,APOA2,0.0872580998599999
89,APOA5,0.1637290461799999
90,APOC3,0.15746323149999988
91,AQP7,0.18128063234
92,ARAP3,0.04534816294559999
93,AREG,0.4142571970087192
94,ARF1,0.10160423243899998
95,ARF6,0.03957238168598
96,ARHGDIA,0.011682648455
97,ARHGDIB,0.007961094976
98,ARHGDIG,0.0043486244
99,ARHGEF12,0.1324636701665997
100,ARNT,0.6543685929630989
101,ARRB1,0.12311066280137999
102,ARRB2,0.17415089839434
103,ASPH,0.05795144506500001
104,ATF2,0.8763879896371988
105,ATF4,0.9461012195979988
106,ATF6B,0.45055562459599974
107,ATG12,0.0870539048901999
108,ATG16L1,0.0953288021509999
109,ATG5,0.08679671809799999
110,ATM,0.009882360213088
111,ATP1A1,0.3948135096935999
112,ATP1A2,0.1897914464149999
113,ATP1A3,0.20030762575999986
114,ATP1A4,0.2359726605407999
115,ATP1B1,0.3288981707625998
116,ATP1B2,0.19176332203699992
117,ATP1B3,0.2688016575379999
118,ATP2A1,0.0339785748529998
119,ATP2A2,0.0415265138979999
120,ATP2A3,0.059224818242999897
121,ATP2B1,0.0441033485183399
122,ATP2B2,0.04687956717860001
123,ATP2B4,0.08129300570932589
124,ATP6V1A,0.13317172975
125,ATP6V1B1,0.1178831450769999
126,ATP6V1B2,0.0288182862949997
127,ATP6V1C1,0.004572339779999999
128,ATP6V1C2,0.0024735527509999996
129,ATP6V1D,0.08371371263600001
130,ATP6V1E1,7.155829500000001e-05
131,ATP6V1E2,0.0002398587542
132,ATP6V1F,0.023483966151
133,ATP6V1G1,0.0148227790359998
134,ATP6V1G2,0.0544399051294
135,ATP6V1G3,0.019209005206999998
136,ATP6V1H,0.04727435646500001
137,ATR,0.099539743915
138,ATXN1,0.004834695242
139,ATXN1L,0.051113487865999896
140,AVP,0.24351006865920002
141,AVPR1A,0.17960940136225992
142,AVPR1B,0.09037456620671992
143,AXIN1,0.23850652162099997
144,AXIN2,0.21341190930959997
145,AZI2,0.011807411003
146,BAD,0.2486239201183999
147,BAG4,0.018815897272
148,BAMBI,0.20965196606000003
149,BAX,0.65845405011
150,BBC3,0.121484546206
151,BCAR1,0.03987667458179991
152,BCL10,0.3150489211589996
153,BCL2,6.49097372342
154,BCL2A1,0.014591239941999899
155,BCL2L1,0.3034684301839997
156,BCL2L11,0.000177835771
157,BCL3,0.09677548464879991
158,BCL6,0.042365504486900005
159,BDKRB1,0.003917135951
160,BDKRB2,0.051189178820399805
161,BDNF,0.6762219957145997
162,BECN1,0.11908469175000001
163,BID,0.046157981569
164,BIRC2,0.2636391721151895
165,BIRC3,0.09515031042543978
166,BIRC5,0.1128417636535999
167,BLNK,0.023486558271999903
168,BMP2,0.05747996759139971
169,BMP4,0.0549443549155999
170,BMP5,0.044781629789599896
171,BMP6,0.0990767454699998
172,BMP7,0.10511967717628
173,BMP8A,0.04232069253500001
174,BMP8B,0.017534422265399998
175,BMPR1A,0.31587678413959985
176,BMPR1B,0.24592098562669576
177,BMPR2,0.3143017364193594
178,BNIP3,0.0073102420059999
179,BOC,0.035517191836
180,BORCS8-MEF2B,0.08478694039399981
181,BRAF,0.021481780256851997
182,BRAP,0.0721247087426
183,BRCA1,0.027381056392
184,BTC,0.0074510844039999
185,BTRC,0.06084914860999981
186,CAB39,0.14405815777979972
187,CAB39L,0.16083150124439982
188,CACNA1C,0.08381707785739981
189,CACNA1D,0.1731075443131
190,CACNA1S,0.1077371792542159
191,CACNA2D1,0.007626220315
192,CACNA2D2,1.4311659000000002e-05
193,CACNA2D3,1.4311659000000002e-05
194,CACNA2D4,0.046550508144
195,CACNB1,1.4311659000000002e-05
196,CACNB2,1.4311659000000002e-05
197,CACNB3,1.4311659000000002e-05
198,CACNB4,1.4311659000000002e-05
199,CACNG1,1.4311659000000002e-05
200,CACNG2,1.4311659000000002e-05
201,CACNG3,0.014523457515
202,CACNG4,1.4311659000000002e-05
203,CACNG5,0.033031406144
204,CACNG6,1.4311659000000002e-05
205,CACNG7,1.4311659000000002e-05
206,CACNG8,1.4311659000000002e-05
207,CACYBP,0.013173971263
208,CALM1,0.4764357932396538
209,CALM2,0.7234733908617996
210,CALM3,0.38203354177079957
211,CALML3,0.5475911358406
212,CALML4,0.6719687411202002
213,CALML5,0.7761307311989198
214,CALML6,0.46383208772079976
215,CAMK1,0.13246471501843982
216,CAMK1D,0.0220644897094
217,CAMK1G,0.0389265389486
218,CAMK2A,0.24507906056020004
219,CAMK2B,0.2251157754995998
220,CAMK2D,0.2759130189407998
221,CAMK2G,0.2089109166089998
222,CAMK4,0.9504523737593998
223,CAMKK2,0.058299445454199995
224,CAMP,0.048813721507999994
225,CARD10,0.003489681767
226,CARD11,0.0504359215586399
227,CARD14,0.0015077616770000002
228,CARD16,0.000827726284
229,CARD17,0.004235969944
230,CARD18,1.4311659000000002e-05
231,CARD6,0.018243885515
232,CARD8,0.050719819458
233,CARD9,0.3003021919301995
234,CASP1,0.1018203557593599
235,CASP10,0.1014465374199999
236,CASP12,1.4311659000000002e-05
237,CASP3,1.1762604024219996
238,CASP4,1.4311659000000002e-05
239,CASP5,0.016750934144
240,CASP7,0.015885609259
241,CASP8,0.1600512924561199
242,CASP9,0.0951285112609998
243,CASQ1,0.0418825776059998
244,CASQ2,0.1182966801769999
245,CASR,0.10140180266000001
246,CASTOR1,0.136933963652
247,CASTOR2,0.027989189515
248,CAT,0.0220987384284599
249,CBL,0.01911356382456
250,CBLB,0.24364434428000004
251,CCKAR,0.04951483909099991
252,CCKBR,0.030335501121
253,CCL1,0.11335959570699991
254,CCL11,0.27273782461379975
255,CCL13,0.06224847762420004
256,CCL14,0.20531346362499991
257,CCL15,0.10074263036479988
258,CCL16,0.24729863202600005
259,CCL17,0.34161135078424115
260,CCL18,0.04027245683900001
261,CCL19,0.1846545012297998
262,CCL2,0.14748529430357982
263,CCL20,0.22499820194937958
264,CCL21,0.23780978759079996
265,CCL22,0.1975359047507078
266,CCL23,0.056665363456000026
267,CCL24,0.10057283173499998
268,CCL25,0.035506452970999906
269,CCL26,0.09802218968399998
270,CCL27,0.15403056002599996
271,CCL28,0.11044543265499998
272,CCL3,0.22185931110039991
273,CCL3L1,0.1229329699500197
274,CCL3L3,0.1648953168485358
275,CCL4,0.1748688291948496
276,CCL4L1,0.10102552332847929
277,CCL4L2,0.1928708124422997
278,CCL5,0.10761238905099982
279,CCL7,0.25981621666821925
280,CCL8,0.06165222028500004
281,CCNA1,0.069006791515
282,CCNA2,1.4311659000000002e-05
283,CCNB1,0.0457728171212199
284,CCNB2,0.037627021848779994
285,CCND1,0.6123792600714789
286,CCND2,0.33404274242245946
287,CCND3,0.29987594521411953
288,CCNE1,0.21525791883959988
289,CCNE2,0.15710511592159979
290,CCNG1,0.044579856492
291,CCNG2,0.0227517459161999
292,CCR1,0.5284468317682798
293,CCR10,0.3404265597335198
294,CCR2,0.6608717980601296
295,CCR3,0.32609302548437974
296,CCR4,0.3990125526401093
297,CCR5,0.5122799101292135
298,CCR6,0.3454118246791994
299,CCR7,0.6062013218719996
300,CCR8,0.4417692134866798
301,CCR9,0.4571886731619398
302,CD14,0.00746919369596
303,CD19,0.1079958466172998
304,CD209,0.0001429191305999
305,CD22,0.019267161144
306,CD247,0.0578375082199999
307,CD28,0.08021087128039989
308,CD36,0.2050126540439996
309,CD38,0.0129561145379999
310,CD3E,0.03834103134
311,CD4,0.0395906666
312,CD40,0.03783916117099991
313,CD72,0.017433012144
314,CD79A,0.00571816138
315,CD79B,0.00413568076
316,CD80,1.4311659000000002e-05
317,CD82,0.024937396312
318,CD86,0.019074329515
319,CD8A,0.0330360472
320,CD8B,0.02845952764
321,CDC25B,0.06601456695799979
322,CDC37,0.043006443802
323,CDC42,0.2601083263437798
324,CDH1,0.010808932689599999
325,CDK1,0.0302173819573
326,CDK2,0.1231793629942
327,CDK4,0.10377697883565999
328,CDK6,0.049587372670460005
329,CDKN1A,0.5429506201823996
330,CDKN1B,0.25472443952001944
331,CDKN2A,0.020823786144
332,CDKN2B,0.11358761817359998
333,CDKN2D,0.0073872270881
334,CDON,0.01516573878
335,CEBPB,0.5239820519731995
336,CER1,0.24007193709599992
337,CFLAR,0.0363868371831998
338,CFTR,0.16209724703719988
339,CGA,0.12312886201119996
340,CHAD,0.05679800941338004
341,CHD8,1.4311659000000002e-05
342,CHEK1,0.022931556615
343,CHEK2,0.050455304198999906
344,CHRD,0.02017264330272
345,CHRM1,0.2861654394605758
346,CHRM2,0.29223384380493955
347,CHRM3,0.10900992354004001
348,CHRM5,0.00010614249734000001
349,CHUK,0.7553471798099993
350,CIR1,0.1468697296799999
351,CISH,0.1581142520459998
352,CLEC1B,0.053431998268
353,CLEC4D,0.025925368385
354,CLEC4E,0.0073819886962
355,CLEC4M,0.0001429191305999
356,CLEC6A,0.021846956102
357,CLEC7A,0.0105133474031999
358,CLIP1,0.06004190452
359,CNR1,0.0033125634906598
360,CNTF,0.7249786407679716
361,CNTFR,0.7058934814314972
362,COL1A1,0.34928436466099966
363,COL1A2,0.37958675990099966
364,COL2A1,0.10945843417617993
365,COL3A1,0.03203811821339
366,COL4A1,0.11797019156245979
367,COL4A2,0.09127019015406981
368,COL4A3,0.23042122208531982
369,COL4A4,0.2243184892824799
370,COL6A1,0.1486214638628598
371,COL6A2,0.19127567299659975
372,COL6A3,0.08791908931965993
373,COL6A5,0.23421238242309983
374,COL6A6,0.1500140374541998
375,COL9A1,0.10401278907807977
376,COL9A2,0.062447868580599725
377,COL9A3,0.2011315575036799
378,COMP,0.09007564907810595
379,COP1,0.04014518386
380,CPT1A,0.47558938046299926
381,CPT1B,0.4448326729579993
382,CPT1C,0.3618769866699998
383,CPT2,0.1194843096
384,CREB1,0.8421287470591988
385,CREB3,0.6215264125843993
386,CREB3L1,0.8752272609861994
387,CREB3L2,0.7269487283517994
388,CREB3L3,0.7428859161319988
389,CREB3L4,0.6631264960323987
390,CREB5,0.6582518491675997
391,CREBBP,1.8094296937233987
392,CRK,0.663696413879999
393,CRKL,0.8557356653079999
394,CRTC2,0.4261220277525996
395,CSF1,0.37419041103399925
396,CSF1R,0.8293437343019983
397,CSF2,0.2597388585652991
398,CSF2RB,0.5172802525557335
399,CSF3,0.5991105286093332
400,CSF3R,0.5754686147111491
401,CSH1,0.44352651608252747
402,CSH2,0.31402358059581564
403,CSN2,0.1181061924399998
404,CSNK1A1,0.042538331921000004
405,CSNK1A1L,0.09008271827665981
406,CSNK1D,0.22824064502128003
407,CSNK1E,0.1931382944984259
408,CSNK1G1,0.1370948592041999
409,CSNK1G2,0.017845456789
410,CSNK1G3,0.0521672639475998
411,CSNK2A1,0.00019063187726
412,CSNK2A2,0.0001676919364
413,CSNK2A3,0.0001689191136
414,CSNK2B,0.0317030388081999
415,CTBP1,0.7007589713599999
416,CTBP2,0.7800170190799998
417,CTF1,0.5439441777162478
418,CTLA4,1.4311659000000002e-05
419,CTNNA1,0.057575356666
420,CTNNA2,0.037900784409
421,CTNNA3,0.073699882924
422,CTNNB1,0.3514142600167998
423,CTNNBIP1,0.079741988144
424,CTNND1,2.8623318000000003e-05
425,CTNND2,0.045739559577
426,CTSB,9.6288196e-05
427,CTSD,0.21795950909999995
428,CUL1,0.10053769366345999
429,CUL3,0.10485363469780001
430,CX3CL1,0.06749269241000001
431,CX3CR1,0.7585869838725195
432,CXCL1,0.23932138348775947
433,CXCL10,0.15601737222493955
434,CXCL11,0.23017606553899994
435,CXCL12,0.13735295545141987
436,CXCL13,0.1538829787879997
437,CXCL14,0.056166575378999724
438,CXCL16,0.074684156711
439,CXCL2,0.15505111021227985
440,CXCL3,0.17914835678355986
441,CXCL5,0.22126701106377983
442,CXCL6,0.1930602505076599
443,CXCL8,0.3617070110495997
444,CXCL9,0.24350485343499978
445,CXCR1,0.71025109199504
446,CXCR2,0.43125939663589985
447,CXCR4,0.3932940752927498
448,CXCR5,0.47947026581533303
449,CXCR6,0.5183928357082538
450,CXXC4,0.10106815531799988
451,CYCS,0.006581869405999899
452,CYLD,0.0197398939503999
453,CYP17A1,0.001666224424
454,CYP27A1,0.0922650071
455,CYP7A1,0.13528922591999998
456,CYP8B1,0.16276171634
457,CYSLTR2,0.056038845121000005
458,CYTH1,1.4311659000000002e-05
459,CYTH2,1.4311659000000002e-05
460,CYTH3,1.4311659000000002e-05
461,CYTH4,1.4311659000000002e-05
462,DAAM1,0.034718118836999906
463,DAAM2,0.010503617177
464,DAB2IP,0.028409232206999896
465,DAPP1,0.037849504314599804
466,DAXX,0.0356492086334
467,DBI,0.15639162436
468,DCHS1,0.006958085292
469,DCHS2,0.041526593933
470,DCN,0.009082114462
471,DDB2,0.02471369098
472,DDIT3,0.048247536206
473,DDIT4,0.0053774170619999995
474,DDX58,0.13841985087050004
475,DEFB4A,0.0533942395396
476,DEFB4B,0.052748104215999896
477,DEPDC5,0.0204083131759999
478,DEPTOR,0.087971939
479,DHH,0.09936052208239979
480,DHX33,0.016816001318
481,DHX58,2.8623318000000003e-05
482,DIAPH1,0.02358045597774
483,DISP1,0.0317200387739999
484,DKK1,0.037360465803
485,DKK2,2.8623318000000003e-05
486,DKK4,0.003964620403
487,DLG1,0.1032304952796998
488,DLG2,0.0813614327199998
489,DLG4,0.03751750650989991
490,DLG5,0.163462090965
491,DLL1,5.724663600000001e-05
492,DLL3,0.011253575521
493,DLL4,0.0026766676919999996
494,DNM1L,0.047608402833
495,DOCK2,0.1617284733991997
496,DOCK4,0.01193178395728
497,DRD1,0.1439216322009679
498,DRD2,0.1291239315429939
499,DRD5,0.1412202036157999
500,DTX1,0.022969816777
501,DTX2,0.024793430661999898
502,DTX3,0.012562545121
503,DTX3L,0.014603021376999998
504,DTX4,5.724663600000001e-05
505,DUSP1,0.07955743447
506,DUSP10,0.1271073160119999
507,DUSP16,0.103263973404
508,DUSP2,0.23408394078799988
509,DUSP3,0.1607956417639996
510,DUSP4,0.17434339017399983
511,DUSP5,0.1119545911359999
512,DUSP6,0.09168277176
513,DUSP7,0.1276948535119996
514,DUSP8,0.12169032481
515,DVL1,0.24015071566083304
516,DVL2,0.4153650223614998
517,DVL3,0.2664300987659398
518,E2F4,0.07654038458319999
519,E2F5,0.0260262834656678
520,EBAG9,0.1250498170199999
521,ECSIT,0.0236230856425999
522,EDAR,1.4311659000000002e-05
523,EDARADD,0.0004831727947599
524,EDN1,0.1706753210855194
525,EDN2,0.23434912343399986
526,EDN3,0.294059803122
527,EDNRA,0.0907036145986
528,EDNRB,0.1278156729204257
529,EEF2,0.011633344144
530,EEF2K,0.1118843373523998
531,EFCAB7,0.0220108342619999
532,EFNA1,0.46928737201999937
533,EFNA2,0.4506562895047994
534,EFNA3,0.3638999702369992
535,EFNA4,0.2682104972959996
536,EFNA5,0.4574958159579994
537,EGF,0.4055030076430587
538,EGFR,2.932598939923198
539,EGLN1,0.046698318211999996
540,EGLN2,0.0320404410739999
541,EGLN3,0.0558025125561399
542,EGR1,0.13812309671399992
543,EGR2,0.0183057277423999
544,EGR3,0.0239314615079999
545,EHHADH,0.0879264311399999
546,EI24,0.0203223433
547,EIF4B,0.0721266353622
548,EIF4E,0.016075294178
549,EIF4E1B,0.0171568080229999
550,EIF4E2,0.013654562258
551,EIF4EBP1,0.42669409121999985
552,ELAVL1,0.2265699922393798
553,ELF5,0.0658393679
554,ELK4,0.0898286880379997
555,ELMO1,0.12320053632799989
556,ELOB,0.0139306524919998
557,ELOC,0.018986602443
558,ENAH,0.022956759918
559,ENO1,0.088115843315
560,ENO2,0.0263436371157999
561,ENO3,0.0360671356599998
562,ENO4,0.0297383565699999
563,EP300,1.7468352100874787
564,EPHA2,1.6526236172439999
565,EPO,0.4156786179657196
566,EPOR,0.5151183054687051
567,ERBB2,0.7670240603557985
568,ERBB3,1.011014313140999
569,ERBB4,1.1365465005753985
570,ERBIN,1.4311659000000002e-05
571,EREG,0.40241382510999946
572,ESR1,6.289709933099997
573,ESR2,1.8015337833679987
574,ESRRB,5.9645552000000006e-05
575,ETS1,0.07990413532
576,ETS2,0.09573243929999979
577,EVC,0.000789725136
578,EVC2,0.007489207377
579,EVL,0.022388921462
580,EXOC2,0.0290448599979998
581,EXOC7,2.8623318000000003e-05
582,F2,0.10068327871799991
583,F2R,0.40458503503493193
584,F2RL3,6.059418556e-05
585,F3,0.048119311944
586,FABP1,0.1386225600399999
587,FABP3,0.19000419093999982
588,FABP4,0.2235075366399998
589,FADD,0.1731147963639998
590,FADS2,0.10641220019199989
591,FARP2,0.0897796216107999
592,FAS,0.011181099058
593,FASLG,0.050375281725600005
594,FASN,0.004276885944
595,FAT4,0.004570909521
596,FBP1,0.01708794558
597,FBP2,0.0002251484246
598,FBXO25,0.0142638695245999
599,FBXO32,0.0158710027716
600,FBXW11,0.020154239511
601,FCER1A,0.054502286296
602,FCER1G,0.1210291084811999
603,FCGR2B,2.8623318000000003e-05
604,FFAR2,0.06631758589019988
605,FGF1,0.5213894898499996
606,FGF10,0.4514788840839998
607,FGF17,0.42341327315799987
608,FGF18,0.3111280549279999
609,FGF19,0.2832454335539995
610,FGF2,1.3307534772
611,FGF20,0.5724871494999997
612,FGF21,0.4713755582029998
613,FGF22,0.4160913856079997
614,FGF23,0.2996168838133997
615,FGF3,0.3820449121565995
616,FGF4,0.44318947108699974
617,FGF5,0.45122439669519976
618,FGF6,0.4190671618739996
619,FGF7,0.33522314837399975
620,FGF8,0.3357082890799995
621,FGF9,0.3827203825847997
622,FGFR1,1.1222646463169976
623,FGFR2,1.9019837679579974
624,FGFR3,0.8818643087469988
625,FGFR4,0.746609930562399
626,FGR,0.7514069146919997
627,FLCN,0.018702690129999998
628,FLNB,0.000304699496
629,FLNC,0.023419217192
630,FLOT1,0.008901716488
631,FLOT2,0.01067101064
632,FLT1,0.725200568482399
633,FLT3,0.5514684539047994
634,FLT3LG,0.3835253639859997
635,FLT4,0.614016399837199
636,FMOD,0.057039411318000006
637,FN1,0.12208306048920002
638,FNIP1,0.030760984888
639,FNIP2,0.0618114045955999
640,FOS,1.4046042176645983
641,FOSB,1.1477523108435994
642,FOSL1,0.951933946078599
643,FOXO1,0.9196883392619086
644,FOXO3,0.7673388093836312
645,FPR1,7.707358656400001e-05
646,FRAT1,0.0121300071769999
647,FRAT2,0.0022306850359999995
648,FRMD1,0.026845000398000002
649,FRMD6,0.005578730956999999
650,FRS2,0.063365191378
651,FSHB,0.04092290449579992
652,FSHR,0.07548782031868001
653,FST,0.028968337377
654,FXYD1,0.24682397765529981
655,FXYD2,0.14348938285299978
656,FYB1,4.2934380000000005e-05
657,FYN,0.5068152002499999
658,FZD1,0.5646434818462
659,FZD10,0.43795999358139986
660,FZD2,0.3967213679007996
661,FZD3,0.4241198601339998
662,FZD4,0.4882696909653994
663,FZD5,0.4305014758417997
664,FZD6,0.5095588509909998
665,FZD7,0.40592045278899946
666,FZD8,0.6221731805501995
667,FZD9,0.46503325765699993
668,G6PC2,0.3137467553361996
669,G6PC3,0.16886623177537932
670,GAB1,0.5690584769599998
671,GAB2,0.42977333765999975
672,GABARAP,0.014302021583834
673,GABARAPL1,0.0546384882711599
674,GABARAPL2,0.1276859596439999
675,GABBR1,0.09551637776120751
676,GABBR2,0.07724635751195999
677,GADD45A,0.07766514416562
678,GADD45B,0.05299733998662
679,GADD45G,0.0363805996853998
680,GALT,0.013667552216
681,GAPDH,0.0528235640699998
682,GAS1,0.11096063097699989
683,GATA4,0.0342376901035999
684,GCG,0.14059281406799967
685,GCGR,7.539469484e-05
686,GCK,0.0892946839083999
687,GDF5,0.10012454632438
688,GDF6,0.0419105138933999
689,GDF7,0.0192647285773999
690,GDNF,0.2627808002915997
691,GFAP,0.14847768799599992
692,GH1,0.33163589415313993
693,GH2,0.2363542851734538
694,GHR,0.668863617994645
695,GHRL,0.2461784671229998
696,GHSR,0.07693657600919998
697,GIP,0.07733134701
698,GIPR,0.038881600377320004
699,GK2,0.1413941545799999
700,GLI1,0.31693804608909953
701,GLI2,0.5101882439733997
702,GLI3,0.25383747877199975
703,GLP1R,0.075844659127192
704,GNA11,0.43476049789549986
705,GNA12,0.23153374687419997
706,GNA13,0.4044002150931995
707,GNA14,0.3138465028779998
708,GNA15,0.277073066404
709,GNAI1,1.234388307706512
710,GNAI2,1.5498080879537184
711,GNAI3,1.2563994545325992
712,GNAL,0.10215531087999981
713,GNAO1,0.42655364956423897
714,GNAQ,0.8152642180384
715,GNAS,0.7161708214291604
716,GNB1,0.7181362708119395
717,GNB2,0.6051577277581986
718,GNB3,0.750210084534213
719,GNB4,0.7617171672033201
720,GNB5,0.7755331670282395
721,GNG10,0.7058397169087791
722,GNG11,0.7869402697681793
723,GNG12,0.5893116235763795
724,GNG13,0.5930861924330313
725,GNG2,0.7087350451046189
726,GNG3,0.9078582006790188
727,GNG4,0.6448541004385148
728,GNG5,0.8098117382081513
729,GNG7,0.8579501416348395
730,GNG8,0.6449857741214154
731,GNGT1,0.7704748996841995
732,GNGT2,0.5767328822071451
733,GNRH1,1.4311659000000002e-05
734,GNRH2,0.001349802944
735,GNRHR,0.0014268167546799995
736,GPER1,6.968571384e-05
737,GPR161,2.8623318000000003e-05
738,GPRC6A,0.0667771470979999
739,GRAP2,2.8623318000000003e-05
740,GRB10,0.133465516
741,GRB2,0.8844610716300986
742,GREM1,0.0501070607905999
743,GREM2,0.11528561435713999
744,GRIA1,0.0004369301833999
745,GRIA2,0.0041676984544
746,GRIA4,0.025470982705599998
747,GRIN1,0.06387973223405989
748,GRIN2A,0.09258467081800001
749,GRIN2B,0.00018309512400000003
750,GRIN2C,0.01356560601966
751,GRIN2D,0.0058967253128000005
752,GRIN3A,0.0385421902985799
753,GRIN3B,0.0031225717130999
754,GRK1,0.029045583195999997
755,GRK2,0.2855510140079998
756,GRK3,0.14167331739999975
757,GRK4,0.39208496190799985
758,GRK5,0.1505339310119999
759,GRK6,0.09224841982899991
760,GRK7,0.24160978236299963
761,GRM1,0.16157317022141365
762,GRM2,0.11688829928437969
763,GRM3,0.0721020948693598
764,GRM4,0.0441176879684028
765,GRM5,0.1001561124364799
766,GRM6,0.134876911995072
767,GRM7,0.040062960232259894
768,GRM8,0.08021058676791991
769,GSDMD,0.0173242993092
770,GSK3A,0.02212583233
771,GSK3B,0.3441614795091396
772,GTF2I,2.8623318000000003e-05
773,GTF2IRD1,2.8623318000000003e-05
774,GTSE1,0.01038991314
775,GYS1,0.18440853093920004
776,GYS2,0.14978153839399996
777,HAMP,0.005475363721
778,HBEGF,0.0406152808059999
779,HCAR1,0.12820901157240003
780,HCAR2,0.059171968483199916
781,HCAR3,0.1140148656879999
782,HCK,0.21576771114459964
783,HDAC1,2.4108034279599995
784,HDAC2,2.2398442737799997
785,HDAC3,1.4918867217999998
786,HDAC4,0.4130796228799999
787,HDAC5,0.0342209167293998
788,HES1,0.0114978963139999
789,HES5,0.0225396246199999
790,HEY1,0.10426810329999989
791,HEY2,0.03621295006
792,HEYL,0.0151496150319999
793,HGF,0.42439856688399946
794,HHAT,2.4452776e-05
795,HHATL,2.4452776e-05
796,HHIP,0.1411721222411999
797,HIF1A,1.223065549995958
798,HJV,0.047433898206999905
799,HK1,0.010027896099
800,HK2,0.0824682528009999
801,HK3,0.0336138519921999
802,HKDC1,0.027625816422199904
803,HMGCR,0.0611050411979999
804,HMGCS1,0.1278227120699999
805,HMGCS2,0.1016611053799998
806,HMOX1,0.033957680351999996
807,HNF4A,0.010508891875
808,HOMER1,0.07218715681099981
809,HOMER2,0.16627293102500001
810,HOMER3,0.13656850544799998
811,HRAS,0.9031029583791177
812,HRC,0.035620923006
813,HRH1,0.0161313330059999
814,HRH2,4.8906596474e-05
815,HSP90AA1,0.18857931429180003
816,HSP90AB1,0.17747331732599989
817,HSP90B1,0.0804415278479999
818,HSPA1A,0.031200196912599898
819,HSPA1B,0.0374126536836
820,HSPA1L,0.0704602274719999
821,HSPA2,0.030754262656000002
822,HSPA6,0.021461421969
823,HSPA8,0.20978534369999968
824,HSPB1,0.0063147695470000004
825,HTR1A,0.07827607375799979
826,HTR1B,0.0327042134619999
827,HTR1D,0.11009186560839969
828,HTR1E,0.0038535739445199994
829,HTR1F,0.0566733387738
830,HTR2A,0.07461919486199989
831,HTR2B,0.009524386491999999
832,HTR4,0.03433179899201993
833,HTR5A,0.040025021985088
834,HTR6,0.1080481091514903
835,HTR7,0.18585513745343976
836,IBSP,0.07324985353667993
837,ICAM1,0.04759299500776
838,ICOS,0.057763389938199905
839,ID1,0.04429177724299991
840,ID2,0.030957590264999998
841,ID3,0.010581077121
842,ID4,0.041116847205999896
843,IFI16,0.0567058219149999
844,IFIH1,0.008502144720999999
845,IFNA1,0.34600736357306167
846,IFNA10,0.49686417795089116
847,IFNA13,0.4550981672393325
848,IFNA14,0.7030154040580936
849,IFNA16,0.3134331115782997
850,IFNA17,0.3655236127800391
851,IFNA2,0.31593038929492406
852,IFNA21,0.5772461837163895
853,IFNA4,0.35546799548845964
854,IFNA5,0.34142124212203906
855,IFNA6,0.2752257214110537
856,IFNA7,0.2598008318030391
857,IFNA8,0.5123802785849194
858,IFNAR1,0.5012651322797993
859,IFNAR2,0.4114066613733914
860,IFNB1,0.4699063939804076
861,IFNE,0.42579357087531966
862,IFNG,0.6353347021819873
863,IFNGR1,0.7844450761294586
864,IFNGR2,0.7376349523075588
865,IFNK,0.20406993130564943
866,IFNL1,0.2576498062250881
867,IFNL2,0.1602901455060274
868,IFNL3,0.4592226579842396
869,IFNLR1,0.5461874152953194
870,IFNW1,0.3990140464197997
871,IGF1,0.33679116476319926
872,IGF1R,0.8310891734479989
873,IGF2,0.2984550171819994
874,IGFBP3,0.02862707996
875,IHH,0.1605213020389998
876,IKBKB,0.7147950481449995
877,IKBKE,0.14221714306329994
878,IL10,0.4864638692416997
879,IL10RA,0.6106677774527074
880,IL10RB,0.5644530948731534
881,IL11,0.25178998103904127
882,IL11RA,0.4511210314157232
883,IL12A,0.5183345760091393
884,IL12B,0.44416715164871906
885,IL12RB1,0.45685346384024417
886,IL12RB2,0.5613194752310572
887,IL13,0.381001375260197
888,IL15,0.3438081600658194
889,IL15RA,0.4566932873895553
890,IL17A,0.021489949913
891,IL17B,1.4311659000000002e-05
892,IL17C,0.0455537256589999
893,IL17D,0.3249048564076896
894,IL17F,2.8623318000000003e-05
895,IL17RA,0.3434374220489999
896,IL17RB,0.137843229543848
897,IL17RC,0.15008553584359968
898,IL17RE,0.01973508771068
899,IL18,0.0553478972306
900,IL19,0.2475810169364057
901,IL1A,0.0589642322569999
902,IL1B,0.0856375983717598
903,IL1R1,0.1178947467531198
904,IL1RAP,0.0012469235746
905,IL2,0.49070618659453896
906,IL20,0.27354665681375756
907,IL20RA,0.6375691817242208
908,IL20RB,0.5500405665141792
909,IL21,0.35689396719832134
910,IL21R,0.5379610553232946
911,IL22,0.32217596032287976
912,IL22RA1,0.8420403424502798
913,IL22RA2,0.5913913963727454
914,IL23A,0.5807139703785197
915,IL23R,0.48635184735331555
916,IL24,0.2454137972501055
917,IL25,0.0400401842879999
918,IL27RA,0.32965454685220125
919,IL2RA,0.4015438864090054
920,IL2RB,0.6643208761575351
921,IL3,0.2973547876873712
922,IL4,0.4738455746878392
923,IL4R,0.5406865349085711
924,IL5,0.3086650545103554
925,IL5RA,0.7371527580197466
926,IL6,0.5697041655451818
927,IL6R,0.555433222646162
928,IL6ST,0.5931719174972322
929,IL7,0.38146377084999145
930,IL7R,0.7183652784251422
931,IL9,0.31580351755756947
932,ILK,0.1502524538199998
933,INHBA,0.11742545692699989
934,INHBB,0.0630654775117399
935,INHBC,0.088521013586
936,INHBE,0.074479947869
937,INPP5D,1.4311659000000002e-05
938,INPPL1,1.4311659000000002e-05
939,INS,0.5425284668759999
940,INSL3,1.4311659000000002e-05
941,INSL5,0.000934553084
942,INSR,0.9367186802963985
943,INVS,0.023713538832999998
944,IQCE,0.0244781508179999
945,IRAK2,0.03402603148132
946,IRAK3,0.0247536433454
947,IRAK4,0.0365714407047
948,IRF1,0.1163631061145998
949,IRF3,0.3653875360977398
950,IRF5,0.1388202952231998
951,IRF7,0.36464245444219956
952,IRF9,0.11156571601319969
953,IRS1,1.3767653497851995
954,IRS2,0.7801046865299998
955,ISG15,1.4311659000000002e-05
956,ITCH,0.0203512133311998
957,ITGA1,0.4015825340307997
958,ITGA10,0.7286162055562996
959,ITGA11,0.6845969008741993
960,ITGA2,0.6151298134102999
961,ITGA2B,0.43567865100751973
962,ITGA3,0.27915966780529966
963,ITGA4,0.5131172683221995
964,ITGA5,0.33620469856730006
965,ITGA6,0.33912237851115956
966,ITGA7,0.4236237742868799
967,ITGA8,0.43585579142656
968,ITGA9,0.5190453051511597
969,ITGAL,0.022235425635999898
970,ITGAM,0.036064936892
971,ITGAV,0.49470404880976043
972,ITGB1,0.4482705151623398
973,ITGB2,0.024186251098
974,ITGB3,1.011365432739978
975,ITGB4,0.6963697049017996
976,ITGB5,0.48974366189065993
977,ITGB6,0.43470282149319955
978,ITGB7,0.6006091512985999
979,ITGB8,0.6735449800210997
980,ITK,0.2379292893337998
981,ITPR1,0.0427172135496999
982,ITPR2,0.0006038912003999001
983,ITPR3,0.02114945742368
984,JAG1,0.08072281875159999
985,JAG2,0.075012155803
986,JAK1,1.1304856635048952
987,JAK2,1.3076340744325587
988,JAK3,1.1296120003271948
989,JMJD7-PLA2G4B,0.11491303277819971
990,JUN,1.4535659610413991
991,JUND,0.7738090986829995
992,KAT2A,0.5293211004799997
993,KAT2B,0.47619032842399944
994,KCNJ12,1.4311659000000002e-05
995,KCNJ14,0.011877940544
996,KCNJ18,1.4311659000000002e-05
997,KCNJ2,1.4311659000000002e-05
998,KCNJ3,0.16940423727015197
999,KCNJ4,1.4311659000000002e-05
1000,KCNJ5,0.19315187998796
1001,KCNJ6,0.016089598094472
1002,KCNJ8,0.0005044400688
1003,KCNJ9,0.024889877006634
1004,KCNMA1,0.013831980151
1005,KCNMB1,0.012137741779999999
1006,KCNMB2,0.0907114860619999
1007,KCNMB3,0.05252147478000001
1008,KCNMB4,0.027353086292
1009,KCNU1,0.034863305207000005
1010,KDR,0.8965581681115984
1011,KIDINS220,0.060450785103999996
1012,KIF3A,0.0328389194551998
1013,KIF7,0.021048806586000002
1014,KIT,4.566960081939997
1015,KITLG,0.26317723014399946
1016,KLF2,0.24298520752885977
1017,KLF4,0.008096460938999999
1018,KNG1,5.726698440000001e-05
1019,KRAS,0.967811853408939
1020,KRIT1,0.00042209144484
1021,KRT10,0.1808131962999999
1022,KRT12,0.29013053075999995
1023,KRT13,0.11289856711999989
1024,KRT14,0.3146777872
1025,KRT15,0.1456293359799999
1026,KRT16,0.12205416257999989
1027,KRT17,0.212065635272
1028,KRT18,0.2111310030199999
1029,KRT19,0.3433091043599999
1030,KRT20,0.24523049398000002
1031,KRT23,0.1521274249599999
1032,KRT24,0.1823888363759999
1033,KRT25,0.2974293928799999
1034,KRT26,0.07151271475000001
1035,KRT27,0.20067935881999988
1036,KRT28,0.1682911450199999
1037,KRT31,0.2646976047999999
1038,KRT32,0.1382068214599997
1039,KRT33A,0.12722708391999982
1040,KRT33B,0.104349161754
1041,KRT34,0.15298402327999977
1042,KRT35,0.2124111355599999
1043,KRT36,0.3489888053799999
1044,KRT37,0.23374053639999998
1045,KRT38,0.2332632120799999
1046,KRT39,0.15071149258
1047,KRT40,0.230173035526
1048,KRT9,0.1632087794199999
1049,KSR1,0.0004787781392
1050,KSR2,0.005290866515
1051,LAMA1,0.1895396168125998
1052,LAMA2,0.13301910408065992
1053,LAMA3,0.18221660564119968
1054,LAMA4,0.23192182792519983
1055,LAMA5,0.26972996064478993
1056,LAMB1,0.3537099297057997
1057,LAMB2,0.1810702645555598
1058,LAMB3,0.15995540013331994
1059,LAMB4,0.17349258737479983
1060,LAMC1,0.2329623138436598
1061,LAMC2,0.17667523435727997
1062,LAMC3,0.20785668538309987
1063,LAMTOR1,0.09417107925739994
1064,LAMTOR2,0.2088887711249998
1065,LAMTOR3,0.2730415326289796
1066,LAMTOR4,0.16902151181099997
1067,LAMTOR5,0.26528088478939993
1068,LAT,0.1633897485429
1069,LATS1,0.042453436439
1070,LATS2,0.051108794924
1071,LCK,0.3030320955599999
1072,LCN2,0.1183306504239998
1073,LCP2,0.0859163595908198
1074,LDHA,0.0349191696154
1075,LDHAL6A,0.014120349358
1076,LDHAL6B,0.0548410368399999
1077,LDHB,0.047799244131999895
1078,LDHC,0.070550996424
1079,LEF1,0.6118466676630135
1080,LEFTY1,0.0025636222919999995
1081,LEFTY2,0.055461192606
1082,LEP,0.22826596794103543
1083,LEPR,0.5739702425937935
1084,LFNG,0.016929336121
1085,LGR4,0.10519671931799991
1086,LGR5,5.724663600000001e-05
1087,LGR6,0.009336990320999999
1088,LHB,0.0006225837445999
1089,LHCGR,0.2666359286591997
1090,LIF,0.37494247144346526
1091,LIFR,0.6171804580389934
1092,LILRA1,1.4311659000000002e-05
1093,LILRA2,1.4311659000000002e-05
1094,LILRA3,1.4311659000000002e-05
1095,LILRA4,0.003635283515
1096,LILRA5,1.4311659000000002e-05
1097,LILRA6,1.4311659000000002e-05
1098,LILRB1,0.003905073515
1099,LILRB2,1.4311659000000002e-05
1100,LILRB3,0.035914787515
1101,LILRB4,1.4311659000000002e-05
1102,LILRB5,1.4311659000000002e-05
1103,LIMD1,0.057878775947
1104,LIPE,0.0966045666727998
1105,LLGL1,0.10415056238099998
1106,LLGL2,0.05729081329720001
1107,LPAR1,0.33960943182973974
1108,LPAR2,0.24243457342033964
1109,LPAR3,0.2557877872325186
1110,LPAR5,0.37350248481668913
1111,LPAR6,0.4237202725324401
1112,LPIN1,0.1081905453999999
1113,LPIN2,0.0946744658
1114,LPIN3,0.0708427878
1115,LPL,0.14248974116000002
1116,LRP2,0.055321990547999904
1117,LRP5,0.2624575826859998
1118,LRP6,0.3729343828019997
1119,LSP1,0.10976682208215949
1120,LTA,0.035675438036999796
1121,LTB,0.0296887838029999
1122,LTB4R2,5.724663600000001e-05
1123,LTBP1,0.06450856312099999
1124,LTBR,0.11945096382399968
1125,LY96,0.0169601293216
1126,LYN,0.6350405962129995
1127,MAGI1,5.724663600000001e-05
1128,MAGI2,0.020083835921
1129,MAGI3,0.08223507205899999
1130,MALT1,0.30289228495635956
1131,MAML1,0.063404469292
1132,MAML2,0.0498638693495999
1133,MAML3,0.0286741901679998
1134,MAP2K1,0.24831170051831988
1135,MAP2K2,0.20067709293629962
1136,MAP2K3,0.2625422903835798
1137,MAP2K4,0.3479408406746331
1138,MAP2K5,0.06859502474399999
1139,MAP2K6,0.1679158867531396
1140,MAP2K7,0.55447948600028
1141,MAP3K1,0.4820373068723996
1142,MAP3K11,0.047001921780999906
1143,MAP3K12,0.0247372560788
1144,MAP3K13,0.0007805691139999
1145,MAP3K14,0.1897065603337998
1146,MAP3K2,0.08279070909464001
1147,MAP3K20,0.0769516434
1148,MAP3K3,0.11132089542199987
1149,MAP3K4,0.0363064963358199
1150,MAP3K5,0.19580388786579986
1151,MAP3K6,0.03201194615332
1152,MAP3K7,0.5383638523477992
1153,MAP3K8,0.1377652002384
1154,MAP4K1,0.021241336833
1155,MAP4K2,0.002223198761
1156,MAP4K3,0.010865108016
1157,MAP4K4,0.001342515698
1158,MAPK1,4.786195000114998
1159,MAPK10,1.5789884245709986
1160,MAPK11,1.283306820216599
1161,MAPK12,1.2379839398107986
1162,MAPK13,1.3532466081343992
1163,MAPK14,2.2445077379399994
1164,MAPK15,0.131261893448
1165,MAPK3,4.592471279895797
1166,MAPK4,0.0314167695782
1167,MAPK6,0.0698739904339998
1168,MAPK7,0.3505446874999998
1169,MAPK8,1.5201240584679974
1170,MAPK8IP1,0.1051015594128799
1171,MAPK8IP2,0.017296420061
1172,MAPK8IP3,0.1792611723169999
1173,MAPK9,1.413888630165998
1174,MAPKAP1,0.011479048292
1175,MAPKAPK2,0.1163737304089999
1176,MAPKAPK3,0.05873764988599991
1177,MAPKAPK5,0.1036638072399999
1178,MAPT,0.5234121220000001
1179,MATK,0.049050600504
1180,MAVS,0.0845545586437599
1181,MAX,0.033171276728
1182,MC2R,0.0292973854375998
1183,MCL1,0.3739735624455999
1184,MDM2,0.14280881739519982
1185,MDM4,0.09489660763499991
1186,ME1,0.1414813114199999
1187,ME3,0.14836594516
1188,MECOM,0.070384907006
1189,MED1,0.5931857714099996
1190,MED12L,0.6301107580239997
1191,MED13,0.5827996201999996
1192,MED13L,0.49177648029999965
1193,MED16,0.4836211714599997
1194,MED17,0.5272035109599997
1195,MED24,0.5771619022959997
1196,MED27,0.39573698439999966
1197,MED30,0.5456167238399998
1198,MED4,0.5952931958799993
1199,MEF2A,0.1846129842199999
1200,MEF2B,0.1834834636139997
1201,MEF2C,0.37834847712999936
1202,MEF2D,0.0739228028393999
1203,MEFV,0.037135278998999904
1204,MEGF8,0.007801185659
1205,MET,0.6945240975499993
1206,MFN1,1.4311659000000002e-05
1207,MFN2,1.4311659000000002e-05
1208,MFNG,0.026808609432999998
1209,MGRN1,1.4311659000000002e-05
1210,MIOS,0.011197528916
1211,MKNK1,0.06942870608599991
1212,MKNK2,0.06546004445299998
1213,MLKL,2.8623318000000003e-05
1214,MLST8,0.16300475848
1215,MLYCD,0.19607810545800003
1216,MMP1,0.26989779908599976
1217,MMP13,0.16209041328319979
1218,MMP14,0.0412326304925999
1219,MMP2,0.2261599830069999
1220,MMP3,0.07062511145059998
1221,MMP7,0.0253080760619999
1222,MMP9,0.2358182981439998
1223,MOB1A,0.022416271344
1224,MOB1B,0.0132670394
1225,MOSMO,0.015877956715
1226,MPL,0.5726616038701796
1227,MRAS,0.6757707120659993
1228,MS4A2,0.053390800190000004
1229,MST1,0.18401974815979977
1230,MST1R,0.27512263462339964
1231,MTOR,5.724771018
1232,MUC5B,0.07127577616399991
1233,MYB,0.01107446148
1234,MYC,0.4155555789032077
1235,MYD88,0.13854162691007998
1236,MYH6,0.0967428660549999
1237,MYH7,0.0540927771495999
1238,MYL2,0.009730368706
1239,MYL3,0.0486627282619999
1240,MYL4,5.724663600000001e-05
1241,MYL6,0.1354000301299999
1242,MYL6B,0.04238126787799991
1243,MYL9,0.062968056734
1244,MYLK,0.11833176848019987
1245,MYLK2,0.1568896790299999
1246,MYLK3,0.07949283499779988
1247,MYLK4,0.07196270700200001
1248,NAIP,1.4311659000000002e-05
1249,NANOG,0.038371129121000006
1250,NBL1,0.11166274591400001
1251,NCF1,0.040485434814
1252,NCK1,0.10436337177331968
1253,NCK2,0.035632573278798
1254,NCOA1,2.112460535535999
1255,NCOA2,2.188449028034
1256,NCOA3,1.906370136439999
1257,NCOR1,0.6801315293199999
1258,NCOR2,0.1241559930199998
1259,NCSTN,0.046050140787
1260,NEK7,0.00139771921412
1261,NEO1,0.0342866839181199
1262,NF1,0.0013018575345999997
1263,NF2,0.022456676813
1264,NFATC1,0.7716573354834589
1265,NFATC2,0.42997014523059907
1266,NFATC3,0.6242859141165992
1267,NFATC4,0.40485093524439936
1268,NFKB1,3.0231538562839995
1269,NFKB2,0.1733873598356198
1270,NFKBIA,0.1647272000832597
1271,NFKBIB,0.07877786210999979
1272,NFKBIE,0.0758420476687998
1273,NGF,0.2384613681411998
1274,NGFR,0.6654477694903993
1275,NKD1,0.015530150648999999
1276,NKD2,0.09391866667299978
1277,NLK,0.05906304959470002
1278,NLRC4,0.0131521243788
1279,NLRP1,0.26419410879999977
1280,NLRP12,0.0261875848442
1281,NLRP3,0.1577303419323798
1282,NLRP6,1.4311659000000002e-05
1283,NLRP7,0.057161662
1284,NLRX1,2.1696596e-05
1285,NOD1,0.038123560403
1286,NOD2,0.13077349023599982
1287,NODAL,0.119371987727
1288,NOG,0.22448411337260002
1289,NOS1,0.1971081026479999
1290,NOS2,0.1593914908856999
1291,NOS3,0.40650395523783955
1292,NOTCH1,0.22404256802699982
1293,NOTCH2,0.1401879708929999
1294,NOTCH3,0.19891350317383916
1295,NOTCH4,0.24193500574620008
1296,NOTUM,0.1660992807439999
1297,NOX4,0.0193447620275999
1298,NPPA,0.24316020307000008
1299,NPPB,0.0549424260549997
1300,NPPC,1.4311659000000002e-05
1301,NPR1,0.18671223624219993
1302,NPR2,2.8623318000000003e-05
1303,NPRL2,0.032843344417
1304,NPRL3,0.032048381576
1305,NPY,0.3044583801953998
1306,NPY1R,0.03168768795540001
1307,NR1H3,0.15637374758
1308,NR4A1,0.1409921445809999
1309,NRAS,1.2357718606724586
1310,NRF1,0.004853130544
1311,NRG1,0.0013788322419999999
1312,NRG2,0.001407387378
1313,NRG3,0.054698508824
1314,NRG4,0.0013529998376
1315,NSMAF,0.09336516720499989
1316,NTF3,0.30305395368199967
1317,NTF4,0.4497520286839998
1318,NTRK1,1.43262974022
1319,NTRK2,1.343717476353198
1320,NTRK3,0.7848676306407996
1321,NTSR1,0.0015656246009999996
1322,NUMB,0.07480551163299999
1323,NUMBL,0.0954389888469999
1324,OLR1,0.1273188037399999
1325,OPRD1,0.0877647467206
1326,OPRM1,0.0197850581359398
1327,ORAI1,0.00033376874472
1328,ORAI2,0.009184230803
1329,ORAI3,2.8623318000000003e-05
1330,OSM,0.5307903624115996
1331,OSMR,0.5547788134999788
1332,OXT,0.169406293463
1333,OXTR,0.3458532688361279
1334,P2RY1,0.02276701599444
1335,PAK1,0.20548337349479978
1336,PAK2,0.08742377798525991
1337,PAK4,0.1277861829225712
1338,PAK5,0.1512832828840969
1339,PAK6,0.09020970874431389
1340,PARD3,0.045663450980519805
1341,PARD6A,0.0598091559144999
1342,PARD6B,0.10657540451073969
1343,PARD6G,0.09434647551573999
1344,PCK1,0.3138381922747995
1345,PCK2,0.5588732698979996
1346,PDCD1,0.0107015251149999
1347,PDE10A,0.20924811792539982
1348,PDE1A,0.0584392900385999
1349,PDE1B,0.11539869957999989
1350,PDE1C,0.03203518515400002
1351,PDE3A,0.033814687053199996
1352,PDE3B,0.062398132963200015
1353,PDE4A,0.06439972654066002
1354,PDE4B,0.08651976555419988
1355,PDE4C,0.09081024534139999
1356,PDE4D,0.0900874687412
1357,PDGFA,0.7129783581745982
1358,PDGFB,0.5688110978646188
1359,PDGFC,0.6657628204499995
1360,PDGFD,0.3528652502619997
1361,PDGFRA,1.7405978131382782
1362,PDGFRB,2.458607860545999
1363,PDHA2,1.4311659000000002e-05
1364,PDHB,1.4311659000000002e-05
1365,PDK1,0.0344429918925999
1366,PDPK1,2.8140845259
1367,PERP,0.01428496474
1368,PF4,0.10859512610800003
1369,PF4V1,0.21620064299300004
1370,PFKFB2,0.1150046075767999
1371,PFKFB3,0.14139520421139978
1372,PFKFB4,0.12354525607439999
1373,PFKL,0.041892219640000006
1374,PFKM,0.1551899872159999
1375,PFKP,0.025117693115999897
1376,PFN1,0.032197806833000005
1377,PFN2,0.030645543461999998
1378,PFN3,0.016389531462
1379,PFN4,0.0031153710619999998
1380,PGAM5,0.047594091174
1381,PGF,0.33318668301799936
1382,PGK2,0.0194107629781599
1383,PGR,0.8532079603999999
1384,PHKB,0.1752192814458198
1385,PHKG1,0.16901060933019973
1386,PHKG2,0.190763352821514
1387,PHLPP1,0.0583061000459999
1388,PHLPP2,0.089751308512
1389,PIAS1,0.26292704551400004
1390,PIAS2,0.17143857742000002
1391,PIAS3,0.2160620987619999
1392,PIAS4,0.19008305323999988
1393,PIDD1,0.061647497072
1394,PIK3AP1,0.1464850828208999
1395,PIK3C3,0.021510369318
1396,PIK3CA,2.125127169044598
1397,PIK3CB,2.5425874061405582
1398,PIK3CD,2.2454694241467976
1399,PIK3CG,0.28387822379273947
1400,PIK3R1,1.945102102719598
1401,PIK3R2,2.3732330599969975
1402,PIK3R3,2.3676699143953974
1403,PIK3R4,0.0566149262879999
1404,PIK3R5,0.2869564544281455
1405,PIK3R6,0.6601829747682187
1406,PIM1,0.23345212353999992
1407,PIN1,0.019211787515
1408,PITX2,0.019619162452999998
1409,PKLR,0.013497292144
1410,PKM,0.0415621150314
1411,PKN1,0.185631230308
1412,PKN2,0.11958610457199981
1413,PKN3,0.0803114024
1414,PLA1A,0.04481031364
1415,PLA2G10,0.033083912704000004
1416,PLA2G12A,0.02633261276
1417,PLA2G12B,0.05408344682
1418,PLA2G1B,0.03677494548
1419,PLA2G2A,0.0615531710599999
1420,PLA2G2C,0.0274034920599999
1421,PLA2G2D,0.055268917486000005
1422,PLA2G2E,0.046872026528
1423,PLA2G2F,0.0197749754339999
1424,PLA2G3,0.0253934151399999
1425,PLA2G4A,0.1714733319291999
1426,PLA2G4B,0.10218220048979991
1427,PLA2G4C,0.057900777909399896
1428,PLA2G4D,0.0818465087695999
1429,PLA2G4E,0.07194692720899991
1430,PLA2G4F,0.08976009356499991
1431,PLA2G5,0.03653109833
1432,PLA2G6,0.02758665724
1433,PLAT,0.0624840165606
1434,PLAU,0.032367627719999896
1435,PLCB1,1.0536361541142985
1436,PLCB2,1.135182276152798
1437,PLCB3,1.2425792493399987
1438,PLCB4,1.5428338141889981
1439,PLCD1,0.033571130421399996
1440,PLCD3,0.0004844620197998
1441,PLCD4,0.0657883025652759
1442,PLCE1,0.13214762525104
1443,PLCG1,0.7433708031865979
1444,PLCG2,0.7467363628893585
1445,PLCZ1,0.0287157777414
1446,PLD1,0.1329200492403999
1447,PLD2,0.20950759276800002
1448,PLIN1,0.24229632892999978
1449,PLIN2,0.08743764084
1450,PLIN4,0.09135248925999989
1451,PLIN5,0.0809717448399998
1452,PLK1,0.0159486008924
1453,PLK2,0.01266221975026
1454,PLK3,0.0015102383054
1455,PLK4,0.00011020822852
1456,PLN,0.0795394514547998
1457,PLTP,0.12490571583999999
1458,PMAIP1,0.02530873702
1459,POMC,0.13121564516999978
1460,POU5F1,2.8623318000000003e-05
1461,POU5F1B,2.8623318000000003e-05
1462,PPARA,0.8892513647971992
1463,PPARD,0.6836860293439999
1464,PPARG,0.9446047455159992
1465,PPARGC1A,0.23752587042999937
1466,PPBP,0.152652084076
1467,PPIF,0.0365507730699999
1468,PPM1A,0.0704770451944
1469,PPM1B,0.00023916783
1470,PPM1D,0.0344345039599999
1471,PPP1CA,0.24150954070139966
1472,PPP1CB,0.23155679624159972
1473,PPP1CC,0.29200182952279946
1474,PPP1R12A,0.0686929428499999
1475,PPP1R12B,0.060309374639800004
1476,PPP1R12C,0.0298985235008
1477,PPP1R1B,0.0050728000218399
1478,PPP1R3A,0.11726631048499976
1479,PPP1R3B,0.07068678250299985
1480,PPP1R3C,0.08620194913799999
1481,PPP1R3D,0.3265022441289999
1482,PPP1R3E,0.12233055210339991
1483,PPP2CA,0.30229977863599994
1484,PPP2CB,0.30953261806000004
1485,PPP2R1A,0.2123257448141996
1486,PPP2R1B,0.37900621728199996
1487,PPP2R2A,0.33196082068399985
1488,PPP2R2B,0.29175635407139994
1489,PPP2R2C,0.13176118541799992
1490,PPP2R2D,0.1783812197459999
1491,PPP2R3A,0.08767275333999999
1492,PPP2R3C,0.24819620041999987
1493,PPP2R5A,0.12109543108000001
1494,PPP2R5B,0.15019782016
1495,PPP2R5C,0.1368171649199998
1496,PPP2R5D,0.19183722531999992
1497,PPP2R5E,0.2556982244679998
1498,PPP3CA,0.07775543930199968
1499,PPP3CB,0.046387060076000006
1500,PPP3CC,0.0983378761297998
1501,PPP3R1,0.2396767700451997
1502,PPP3R2,0.207166176914
1503,PPP4C,0.0039513872488
1504,PPP4R3A,0.0540544338852999
1505,PPP4R3B,0.04388167342979991
1506,PPP5C,0.0002407076721999
1507,PRDM4,0.000761031704
1508,PREX1,0.2645915924411366
1509,PRICKLE1,0.029056951236
1510,PRICKLE2,7.155829500000001e-05
1511,PRICKLE4,0.0336718301718
1512,PRKAA1,0.9856207506463986
1513,PRKAA2,1.2732230411643992
1514,PRKAB1,1.6081826911375992
1515,PRKAB2,1.3345742532743987
1516,PRKACA,1.1783727956940693
1517,PRKACB,1.132245210181944
1518,PRKACG,1.094481497393516
1519,PRKAG1,1.0192074501401989
1520,PRKAG2,0.8526511236276987
1521,PRKAG3,0.7268747382985987
1522,PRKAR1A,0.031042104144
1523,PRKAR1B,1.4311659000000002e-05
1524,PRKAR2A,1.4311659000000002e-05
1525,PRKAR2B,1.4311659000000002e-05
1526,PRKCA,1.0765386030961988
1527,PRKCB,1.1064799295921397
1528,PRKCD,0.7644765095892792
1529,PRKCE,0.7274311650463388
1530,PRKCG,0.4301704121729996
1531,PRKCI,0.4614802348719999
1532,PRKCQ,0.1523116624369999
1533,PRKCZ,0.6679111354519995
1534,PRKD1,0.10946901561839979
1535,PRKD2,0.1280710675015599
1536,PRKD3,0.0575698082699999
1537,PRKG1,0.5402369380175597
1538,PRKG2,0.6362999608811997
1539,PRL,0.3166176503657077
1540,PRLR,0.735948260027659
1541,PRMT1,0.0090819825821199
1542,PRR5,0.049061433334
1543,PSEN1,0.13725366994019988
1544,PSEN2,0.037713699956999906
1545,PSENEN,0.075377865286
1546,PSTPIP1,0.0135242436589999
1547,PTAFR,0.0284186781059999
1548,PTCH1,0.07423042294769991
1549,PTCH2,0.06145083636699992
1550,PTCRA,0.01407043413
1551,PTEN,0.06831462910899991
1552,PTGER1,0.04717708709200001
1553,PTGER2,0.039390868764460005
1554,PTGER3,0.09390999005039999
1555,PTGFR,0.2615822823977399
1556,PTGS2,1.5670108231399997
1557,PTK2,0.7947308540908203
1558,PTK2B,0.1426618537793998
1559,PTPN1,0.0321107283884
1560,PTPN11,0.4093445048059993
1561,PTPN2,0.24060468091279993
1562,PTPN5,0.19020280129200004
1563,PTPN6,0.1850686305510998
1564,PTPN7,0.18435514889599958
1565,PTPRC,0.09120781248
1566,PTPRF,0.1111055598899999
1567,PTPRR,0.14996499681599978
1568,PXN,0.03426422645260001
1569,PYCARD,0.16240897433480003
1570,PYDC1,1.4311659000000002e-05
1571,PYDC2,0.007861782144
1572,PYGB,0.1413298746783999
1573,PYGL,0.036406679496
1574,PYGM,0.08586085967199988
1575,RAB10,0.015966597803
1576,RAB11B,2.8623318000000003e-05
1577,RAB14,0.005344514174
1578,RAB2A,0.0023934321739999998
1579,RAB5A,0.02682010232
1580,RAB5B,0.00265566296
1581,RAB5C,0.03510314868
1582,RAB8A,0.1189308845776
1583,RAC1,0.6819903882928724
1584,RAC2,0.44902216347539986
1585,RAC3,0.4900696110907797
1586,RAF1,0.3536335274778993
1587,RAG1,0.0113507568804
1588,RAG2,0.00021620007632
1589,RALA,0.1205687601603999
1590,RALB,0.16486413184399984
1591,RALBP1,0.2862834163246258
1592,RALGDS,0.1108049497643199
1593,RAP1A,0.34422490018928537
1594,RAP1B,0.4546951575733451
1595,RAP1GAP,0.0038778370734
1596,RAPGEF1,0.04896106533636
1597,RAPGEF2,0.18477006017139994
1598,RAPGEF3,0.062388282774420004
1599,RAPGEF4,0.0877508636017998
1600,RAPGEF5,0.026296979827599896
1601,RAPGEF6,0.058404436867799996
1602,RARA,0.7624415223999998
1603,RASA1,0.0451249842898
1604,RASA2,0.0103087921115998
1605,RASA3,0.0786439052338
1606,RASA4,0.0082111875201999
1607,RASAL1,0.007020148764399999
1608,RASAL2,0.10366989761871999
1609,RASAL3,0.0101054839753998
1610,RASGRF1,0.36819238386059977
1611,RASGRF2,0.29251908910289964
1612,RASGRP1,0.0405597553045998
1613,RASGRP2,0.068564281277
1614,RASGRP3,0.031898652545900005
1615,RASGRP4,0.037695790779599905
1616,RASSF1,0.08983793512999991
1617,RASSF2,1.4311659000000002e-05
1618,RASSF4,1.4311659000000002e-05
1619,RASSF5,0.15030634786475988
1620,RASSF6,1.4311659000000002e-05
1621,RBCK1,0.006176438315
1622,RBL1,0.0941646853655999
1623,RBL2,0.0127963235769999
1624,RBPJ,0.5618372486629996
1625,RBPJL,0.5370723086917993
1626,RBX1,0.0159293554927998
1627,RCAN1,0.0642609280948
1628,RCAN2,0.0751073530373999
1629,RCHY1,0.012033239184
1630,REL,0.019854884374
1631,RELA,1.7776072791095974
1632,RELB,0.12936668696396
1633,RELN,0.24423264309547993
1634,RET,0.4646163626475994
1635,RFNG,0.0039748123209999995
1636,RGL1,0.1222574137886
1637,RGL2,0.0406979883522
1638,RGMA,0.047875129765
1639,RGMB,0.01018361977508
1640,RGS14,0.019327574317679903
1641,RGS2,0.036273601479999903
1642,RHEB,0.30156161626799993
1643,RHOA,0.6182198558667994
1644,RHOQ,0.0217483906829998
1645,RICTOR,0.18243266722600002
1646,RIN1,0.3904758325520001
1647,RIPK1,0.21030959043477981
1648,RIPK2,0.32807416506619974
1649,RIPK3,4.2934977000000005e-05
1650,RLN1,0.0099220532029999
1651,RLN2,0.0283973158029999
1652,RLN3,0.06676886741888
1653,RNASEL,0.016801689659
1654,RNF125,2.8623318000000003e-05
1655,RNF152,0.053845541068
1656,RNF31,1.4311659000000002e-05
1657,RNF43,0.14620415710800003
1658,ROCK1,0.2004233749321997
1659,ROCK2,0.04868635518059981
1660,ROR1,0.05853993662699991
1661,ROR2,0.08525017938599988
1662,RPRM,0.0180976754599999
1663,RPS6,0.11866761778000001
1664,RPS6KA1,0.09941019628765979
1665,RPS6KA2,0.2373222867293
1666,RPS6KA4,0.14294918358199965
1667,RPS6KA5,0.3154720751091996
1668,RPS6KB1,0.80191442632
1669,RPS6KB2,0.6673565931621999
1670,RPTOR,0.6832031305999996
1671,RRAGA,0.36452272632599975
1672,RRAGC,0.3257391469735999
1673,RRAGD,0.30913057581799996
1674,RRAS,0.6264719811271995
1675,RRAS2,0.7083661278583596
1676,RRM2,0.212156039
1677,RRM2B,0.1982958159999999
1678,RSPO1,0.07191640078
1679,RSPO2,0.07056935477700002
1680,RSPO3,0.0093513019928
1681,RSPO4,0.05819517063599992
1682,RUVBL1,0.09589980165459988
1683,RXFP1,0.05332573429703769
1684,RXFP2,0.00042404874594
1685,RXFP3,0.1347050987307799
1686,RXFP4,0.013506757543579998
1687,RXRA,5.045793827219998
1688,RXRB,4.888243566079998
1689,RXRG,4.641131911559998
1690,RYK,0.18012761515699988
1691,RYR1,0.0719681328359999
1692,RYR2,0.14284550443981991
1693,RYR3,0.1821161318939999
1694,S100A7,0.1323948864859999
1695,S100A7A,0.0593715578259999
1696,S100A8,0.1178923111059999
1697,S100A9,0.2523259881129998
1698,S1PR1,0.0648132516807559
1699,S1PR2,0.0343800598085999
1700,S1PR3,0.10610734272679989
1701,S1PR4,0.07478447903419999
1702,S1PR5,0.028701957756
1703,SAV1,0.033049410721000004
1704,SCD,0.1514863891569998
1705,SCD5,0.0636933710179999
1706,SCP2,0.09215953944
1707,SCRIB,0.04956420491180001
1708,SEC13,0.041904312621
1709,SEH1L,0.00403706874
1710,SELE,0.014757670782
1711,SENP2,0.025940185462
1712,SERPINB5,0.0125101718
1713,SERPINE1,0.16530382088035978
1714,SERPINF1,0.014460813174
1715,SESN1,0.022874427408
1716,SESN2,0.032473434827
1717,SESN3,0.06731077612
1718,SETD7,0.01691748941422
1719,SFN,0.0566984585834
1720,SFRP1,0.15826721138399993
1721,SFRP2,0.30949938603899996
1722,SFRP4,0.3351597597399998
1723,SFRP5,0.2172630500669999
1724,SGK1,0.23498425155999988
1725,SGK2,0.21662150446
1726,SGK3,0.1342809203199998
1727,SH2B1,0.1602977959
1728,SH2B2,0.1445991805074599
1729,SH2B3,0.028873104067999998
1730,SH2D2A,0.0031921732812000003
1731,SHARPIN,0.063585774144
1732,SHC1,0.48657844475999956
1733,SHC2,0.5398264036307994
1734,SHC3,0.8129683760559995
1735,SHC4,1.1427304649599999
1736,SHH,0.025010874239999998
1737,SHISA5,0.030733543468
1738,SHOC2,0.0971417554816399
1739,SIAH1,0.061271624837
1740,SIK1,0.18113925715439994
1741,SIK2,0.00020052969034
1742,SIKE1,1.4311659000000002e-05
1743,SIN3A,1.0251317587799997
1744,SIPA1,0.0592858082233
1745,SIPA1L1,0.0092998380435799
1746,SIPA1L2,0.0007748988305998999
1747,SIVA1,0.14127419512
1748,SKAP1,0.0396923850376
1749,SKP1,0.046528004480500006
1750,SKP2,0.028372147294
1751,SLC25A31,0.047243825813999905
1752,SLC25A4,0.03630079202900001
1753,SLC27A1,0.07603151638
1754,SLC27A4,0.1641967183919999
1755,SLC2A1,0.1790044630793998
1756,SLC2A2,0.5852348479999999
1757,SLC2A4,0.32704501544319997
1758,SLC38A9,0.030484648835999897
1759,SLC3A2,1.4311659000000002e-05
1760,SLC7A5,1.4311659000000002e-05
1761,SLC8A1,0.047437590403
1762,SLC8A2,0.048328647174000004
1763,SLC8A3,0.011884605803
1764,SLC9A1,0.11993293874009989
1765,SMAD1,0.19430389630879996
1766,SMAD2,0.42140496111949943
1767,SMAD3,0.6219606647840354
1768,SMAD4,0.08624345234014001
1769,SMAD5,0.19137247539008004
1770,SMAD6,0.1257333889513998
1771,SMAD7,0.1415139812361997
1772,SMAD9,0.2407880832275997
1773,SMO,0.1960738271593997
1774,SMPD2,1.4311659000000002e-05
1775,SMURF1,0.0693063012809999
1776,SMURF2,0.1214796105101999
1777,SNAI2,0.039146847986000016
1778,SNW1,0.02105428422
1779,SOCS1,0.3056067576439997
1780,SOCS2,0.1591820946319998
1781,SOCS3,0.31603307961199995
1782,SOCS4,0.19097716214799948
1783,SOCS5,0.1180834368231996
1784,SOCS6,0.22024973403719983
1785,SOCS7,0.31988952016799976
1786,SOD2,0.0061103853883898995
1787,SORBS1,0.1478427842879999
1788,SORT1,0.000564416046
1789,SOS1,0.16896911313439986
1790,SOS2,0.23432633487319993
1791,SOST,0.047580106259
1792,SOX17,0.0036492779209999996
1793,SOX2,0.1032236632469999
1794,SOX9,0.0797964737362
1795,SP1,0.14485578974
1796,SPHK1,0.3580373613899999
1797,SPHK2,0.25723008912973994
1798,SPOP,0.0774849257899999
1799,SPOPL,0.041256165818200005
1800,SPP1,0.1808448063485397
1801,SRC,1.2614603114399996
1802,SREBF1,0.16932302268940005
1803,SRF,0.061806087791999795
1804,SRSF1,0.030289577119
1805,SST,0.11055311864199993
1806,SSTR1,0.1941530433295999
1807,SSTR2,0.1522852718684798
1808,SSTR5,0.04762392776147381
1809,STAM,0.010545468717999999
1810,STAM2,0.0006754880317199
1811,STAT1,1.6899683959489988
1812,STAT2,1.0207676521939995
1813,STAT3,2.487976145224
1814,STAT4,0.8508148371159993
1815,STAT5A,1.7713968510359985
1816,STAT5B,2.7513389822
1817,STAT6,0.6091217616279991
1818,STEAP3,0.007170393906
1819,STIM1,0.009198542462
1820,STIM2,4.2934977000000005e-05
1821,STK11,0.1041964205763997
1822,STK3,0.3393515465023999
1823,STK4,0.0847564843920478
1824,STMN1,0.045126768906
1825,STRADA,0.18691423230499982
1826,STRADB,0.1375628881539999
1827,SUCNR1,0.11397941882154
1828,SUFU,0.12397642192399991
1829,SUGT1,0.06349938311440001
1830,SYK,0.38501082913009976
1831,SYNGAP1,0.0117772795915999
1832,TAB1,0.1126892627267999
1833,TAB2,0.1511647417913999
1834,TACR1,0.011545299092
1835,TACR2,0.054352827006000005
1836,TACR3,0.090076021777
1837,TANK,0.02822542878
1838,TAOK1,0.0004726212232
1839,TAOK2,0.00922638632186
1840,TAOK3,0.05107561237791999
1841,TBC1D1,0.15394057853399998
1842,TBC1D4,0.0210997414999999
1843,TBC1D7,0.20159812934839996
1844,TBK1,0.1703756306295998
1845,TBKBP1,0.011807411003
1846,TBL1XR1,0.058676558777
1847,TBX3,0.017237452609
1848,TBXA2R,5.724663600000001e-05
1849,TCF3,0.037727063696
1850,TCF7,0.5826939170639998
1851,TCF7L1,0.6223669871772596
1852,TCF7L2,0.28348713092847977
1853,TCL1A,0.0618649292459999
1854,TCL1B,0.0223222023379998
1855,TEAD1,0.23487436471725986
1856,TEAD2,0.33944532873171973
1857,TEAD3,0.13766466835099594
1858,TEAD4,0.10871010411411978
1859,TEC,0.018532640858
1860,TEK,0.9805150927085985
1861,TELO2,0.1603162924799999
1862,TF,0.1047664957585997
1863,TFAM,1.4311659000000002e-05
1864,TFDP1,0.1154186770173998
1865,TFF1,0.2612474187199999
1866,TFRC,0.083505944494
1867,TGFA,0.47903896119999956
1868,TGFB1,0.10326744755779996
1869,TGFB2,0.107052044734
1870,TGFB3,0.06479727881899991
1871,TGFBR1,0.1990118697521999
1872,TGFBR2,0.35567507864873993
1873,TGIF1,0.0006804858171999
1874,TGIF2,0.00233388740445
1875,TH,0.0912574441999999
1876,THBD,0.0606014861731999
1877,THBS1,0.18397398438200005
1878,THBS2,0.10129663842109991
1879,THBS3,0.1091459301656397
1880,THBS4,0.22658403984451086
1881,THEM4,0.07930379137
1882,THPO,0.34238653002973857
1883,THRA,1.2171620078679992
1884,THRB,1.4633700356219987
1885,TIAM1,0.07116808953395999
1886,TICAM1,0.1349432604807
1887,TICAM2,0.0340341041699399
1888,TIRAP,0.037518679048800005
1889,TKFC,0.008459209744
1890,TLE1,0.25788908466999994
1891,TLE2,0.31120369444859985
1892,TLE3,0.2518106433245996
1893,TLE4,0.2141514392399997
1894,TLE6,0.3601460007239998
1895,TLN1,0.0205454674142
1896,TLN2,0.0097096970534
1897,TLR1,1.4311659000000002e-05
1898,TLR2,0.036190998816201
1899,TLR3,1.4311658e-05
1900,TLR4,0.08363708904928
1901,TLR5,1.4311659000000002e-05
1902,TLR6,0.010225308744
1903,TLR9,0.023699975144
1904,TNC,0.18941806892819985
1905,TNF,0.6109968288759996
1906,TNFAIP3,0.08786262012041969
1907,TNFRSF10A,0.039436651659000004
1908,TNFRSF10B,0.0276892617794
1909,TNFRSF11A,0.1431192597019999
1910,TNFRSF13C,0.026163049918
1911,TNFRSF1A,0.28141741293119993
1912,TNFRSF1B,0.0877930868079999
1913,TNFSF10,0.01090436112046
1914,TNFSF11,0.21994667872
1915,TNFSF13B,0.00016242941
1916,TNFSF14,1.4311659000000002e-05
1917,TNN,0.21046607844386972
1918,TNNI3,0.0056340195106
1919,TNR,0.2066975310540997
1920,TNXB,0.13387846377123944
1921,TOLLIP,0.045733294318
1922,TP53,2.640415934167799
1923,TP53AIP1,0.004661671803
1924,TP53BP1,1.4311659000000002e-05
1925,TP53BP2,0.0255128392649999
1926,TP53I3,0.077314322016
1927,TP73,0.08656200376199999
1928,TRADD,0.11879252073799978
1929,TRAF1,0.0502539096
1930,TRAF2,1.0467655523017994
1931,TRAF3,0.24323989708177943
1932,TRAF3IP2,0.4278515540644679
1933,TRAF4,0.0003730024166
1934,TRAF5,0.07839512757599987
1935,TRAF6,0.8423480493361982
1936,TRDN,0.116667718953
1937,TRHR,0.014420687376999999
1938,TRIM25,1.4311659000000002e-05
1939,TRIP10,2.8623318000000003e-05
1940,TRIP6,1.4311659000000002e-05
1941,TRPC6,0.10435477657599998
1942,TSC1,0.21137060814999964
1943,TSC2,0.21791434655199973
1944,TSHB,0.1515088624076
1945,TSHR,0.1047311088504597
1946,TSLP,0.44208139599091967
1947,TTI1,0.18872384039999998
1948,TXN,0.022556751515
1949,TXN2,0.0563071041439999
1950,TXNIP,0.0796823754220598
1951,TYK2,0.8536513341728588
1952,UBC,0.13313171166
1953,UCP1,0.11737033946599978
1954,ULK1,0.12085798688
1955,ULK2,0.04012920994
1956,USP25,0.0242992578348998
1957,USP7,0.0004518338254
1958,VANGL1,0.07665552627999998
1959,VANGL2,0.05615739478000001
1960,VASP,7.151248000000001e-05
1961,VAV1,0.15553925962081158
1962,VAV2,0.1359520785390139
1963,VAV3,0.03529909840496
1964,VCAM1,0.010586658944
1965,VDAC1,0.0851039149032
1966,VDAC2,0.0274051700571999
1967,VDAC3,0.09854282800999999
1968,VEGFA,0.667090329699599
1969,VEGFB,0.5339379461787986
1970,VEGFC,0.6611297824071994
1971,VHL,0.011476123077
1972,VIP,0.05996976817539994
1973,VIPR2,0.0374567896325452
1974,VTN,0.21798323185599966
1975,VWF,0.08376614654860001
1976,WDR24,0.041356675436000016
1977,WDR59,0.076739172206
1978,WIF1,0.33206057093999986
1979,WNT1,0.24496260343
1980,WNT10A,0.08420691561100004
1981,WNT10B,0.2209176757903998
1982,WNT11,0.11110336095799987
1983,WNT16,0.32947434150999966
1984,WNT2,0.148582795167
1985,WNT2B,0.3260893838219999
1986,WNT3,0.2244150608539997
1987,WNT3A,0.26474697682799986
1988,WNT4,0.17313822618799993
1989,WNT5A,0.20921029595899987
1990,WNT5B,0.23516842888399994
1991,WNT6,0.2183880157989998
1992,WNT7A,0.16973331797299993
1993,WNT7B,0.0949385324295998
1994,WNT8A,0.11321962897599996
1995,WNT8B,0.20774452045799982
1996,WNT9A,0.34436672425799997
1997,WNT9B,0.15014831022800001
1998,WTIP,0.068575437888
1999,WWC1,0.078717235272
2000,WWTR1,0.3663755032069995
2001,XCL1,0.12977896696999996
2002,XCL2,0.15596308830799976
2003,XCR1,0.5151526990492535
2004,YAP1,0.3851515063905759
2005,YWHAB,0.06413020730792002
2006,YWHAE,0.15134259061679983
2007,YWHAG,0.11187293355639998
2008,YWHAH,0.06690735273719989
2009,YWHAQ,0.08067506579639992
2010,YWHAZ,0.1481537520080599
2011,ZAP70,0.1543921750219996
2012,ZFYVE16,0.00048770293994
2013,ZFYVE9,0.0120376082787999
2014,ZMAT3,0.0541211388
2015,ZNF274,0.0012271180998
2016,ZNRF3,0.2092891139177997
